,Name,Price,Stores,Rating,Votes,Type,Connection,Colors,Switches
0,Philips K264,7.50 ,41,4.7,6,Keyboard Only,USB,0,
1,Philips SPT6324 Black,9.99 ,20,4.1,25,Keyboard and Mouse Set,USB,0,
2,Philips SPT6224 Black,8.93 ,37,4.7,3,Keyboard and Mouse Set,USB,0,
3,Logitech MX Keys,106.44 ,8,4.5,8,Keyboard Only,Bluetooth / USB,0,
4,Powertech PT-677,3.99 ,68,2.7,7,Keyboard Only,USB,0,
5,Logitech Wireless Combo MK220,23.00 ,42,4.1,134,Keyboard and Mouse Set,USB,0,
6,Logitech K120,10.14 ,47,4.4,46,Keyboard Only,USB,0,
7,Logitech MK850 Performance,109.99 ,20,4.8,10,Keyboard and Mouse Set,USB,0,
8,Powertech PT-913,14.82 ,43,4.3,4,Keyboard and Mouse Set,USB,0,
9,Philips SPT6354,10.41 ,37,3.8,6,Keyboard Only,USB,0,
10,Element KB-750W,5.26 ,12,4.3,47,Keyboard Only,USB,0,
11,Microsoft Sculpt Comfort Desktop,47.99 ,46,4.1,15,Keyboard and Mouse Set,USB,0,
12,Dell KM717 Premier,81.34 ,14,4.6,20,Keyboard and Mouse Set,USB,0,
13,Powertech PT-678,7.02 ,52,4.0,1,Keyboard and Mouse Set,USB,0,
14,Philips SPK6214 Black,6.89 ,37,5.0,1,Keyboard Only,USB,0,
15,Logitech Wireless Combo MK270,27.99 ,30,4.2,57,Keyboard and Mouse Set,USB,0,
16,Dell KB-522,17.35 ,15,4.7,37,Keyboard Only,USB,0,
17,Microsoft Wireless Desktop 900,40.85 ,19,4.4,37,Keyboard and Mouse Set,USB,0,
18,Conceptum KBW03,13.48 ,10,4.4,19,Keyboard and Mouse Set,USB,0,
19,Powertech PT-915,13.18 ,48,0.0,0,Keyboard and Mouse Set,USB,0,
20,Microsoft All-in-One Media Keyboard,34.89 ,24,4.3,35,Keyboard with Touchpad,USB,0,
21,NOD KBD-004,5.80 ,46,3.3,12,Keyboard Only,USB,0,
22,Apple Magic Keyboard,104.87 ,13,4.4,19,Keyboard Only,Bluetooth,0,
23,Riitek Rii i4,27.00 ,2,4.7,9,Keyboard with Touchpad,Bluetooth,0,
24,Element KB-255WMS,8.90 ,34,3.0,2,Keyboard and Mouse Set,USB,0,
25,Powertech PT-914,13.95 ,40,0.0,0,Keyboard and Mouse Set,USB,0,
26,Factory QY-K07,9.90 ,11,5.0,2,Keyboard with Touchpad,USB,0,
27,Powertech PT-696,13.27 ,45,3.3,3,Keyboard and Mouse Set,USB,0,
28,Philips SPT6103,22.00 ,4,4.6,9,Keyboard and Mouse Set,USB,0,
29,Philips SPT6234,7.91 ,32,0.0,0,Keyboard and Mouse Set,USB,0,
30,Riitek i8,17.50 ,6,4.2,112,Keyboard with Touchpad,USB,0,
31,Microsoft Wireless Desktop 850,32.90 ,24,3.9,18,Keyboard and Mouse Set,USB,0,
32,A4Tech F1010,14.00 ,32,0.0,0,Keyboard and Mouse Set,USB,0,
33,Philips SPT6214 Black,10.36 ,33,4.0,1,Keyboard and Mouse Set,USB,0,
34,MediaRange MROS105,15.87 ,9,4.3,16,Keyboard and Mouse Set,USB,0,
35,Powertech PT-302,5.90 ,47,2.5,2,Keyboard Only,USB,0,
36,Dell KB216 Black,10.00 ,34,4.6,80,Keyboard Only,USB,3,
37,Logitech K400 Plus Black,33.90 ,43,4.3,62,Keyboard with Touchpad,USB,2,
38,HP Pavilion Wireless Keyboard and Mouse 800 Black,44.90 ,9,5.0,10,Keyboard and Mouse Set,USB,2,
39,HP Pavilion Wireless Keyboard and Mouse 800 White,44.90 ,12,5.0,10,Keyboard and Mouse Set,USB,2,
40,Logitech K380 Grey,44.00 ,13,4.7,39,Keyboard Only,Bluetooth,3,
41,Logitech K480 Black,47.99 ,15,4.8,18,Keyboard Only,Bluetooth,2,
42,Apple Magic Keyboard with Numeric Keypad White,135.95 ,18,4.6,7,Keyboard Only,Bluetooth,2,
43,Alcatroz Xplorer Dock 2 BT Green,34.60 ,5,4.9,7,Keyboard with Touchpad,Bluetooth / Dock,2,
44,Dell KM636 Black,24.75 ,30,3.7,19,Keyboard and Mouse Set,USB,2,
45,Dell KB216 White,12.90 ,0,4.6,80,Keyboard Only,USB,3,
46,HP Pavilion 600 Black,32.90 ,10,4.0,15,Keyboard Only,USB,2,
47,Apple Magic Keyboard with Numeric Keypad Black,162.90 ,9,4.6,7,Keyboard Only,Bluetooth,2,
48,Logitech Illuminated Keyboard K740,88.10 ,11,5.0,3,Keyboard Only,USB,0,
49,A4Tech Fstyler Sleek FK10,9.70 ,31,0.0,0,Keyboard Only,USB,0,
50,Trust Ziva Multimedia,8.29 ,9,5.0,2,Keyboard Only,USB,0,
51,A4Tech FG1010,19.00 ,32,0.0,0,Keyboard and Mouse Set,USB,0,
52,Lamtech LAM081710,7.18 ,9,4.4,8,Keyboard Only,USB,0,
53,Wireless QWERTY Keyboard Black,10.96 ,4,4.8,6,Keyboard with Touchpad,USB,0,
54,MediaRange Multimedia,7.60 ,13,5.0,1,Keyboard Only,USB,0,
55,Riitek Mini k18+,37.90 ,2,5.0,2,Keyboard with Touchpad,USB,0,
56,Logitech Desktop MK120,14.21 ,39,4.1,11,Keyboard and Mouse Set,USB,0,
57,Logitech Wireless Combo MK235,20.23 ,34,3.1,27,Keyboard and Mouse Set,USB,0,
58,Ultra Thin Slim Mini Bluetooth 3.0,9.52 ,16,3.9,30,Keyboard Only,Bluetooth,0,
59,Riitek mini X1,19.90 ,12,5.0,5,Keyboard with Touchpad,USB,0,
60,Element KB-145UMS,7.50 ,25,0.0,0,Keyboard and Mouse Set,USB,0,
61,HP Pavilion 400,26.37 ,13,5.0,1,Keyboard and Mouse Set,USB,0,
62,Riitek Rii i8X,27.00 ,5,4.4,11,Keyboard Only,USB,0,
63,Logitech Craft Wireless Keyboard,196.80 ,14,4.0,13,Keyboard Only,Bluetooth / USB,0,
64,i8 Black,7.50 ,17,0.0,0,Keyboard with Touchpad,USB,0,
65,Logitech K780 Multi-Device,99.99 ,18,3.8,16,Keyboard Only,Bluetooth,0,
66,Defender HM-430,6.16 ,7,5.0,1,Keyboard Only,USB,0,
67,Riitek Rii mini i8+ Black,26.90 ,0,4.5,18,Keyboard with Touchpad,USB,0,
68,Microsoft Wireless Comfort Desktop 5050,59.87 ,14,4.2,12,Keyboard and Mouse Set,USB,0,
69,Keywin Mini Rii i8+,8.99 ,3,4.5,2,Keyboard with Touchpad,Bluetooth,0,
70,Element KB-260WMS v2,12.90 ,12,4.1,9,Keyboard and Mouse Set,USB,0,
71,Conceptum CBM502,7.22 ,12,3.8,5,Keyboard and Mouse Set,USB,0,
72,Nedis KBNM100BK,7.97 ,21,4.0,1,Keyboard Only,USB,0,
73,Element KB-145U,4.50 ,21,0.0,0,Keyboard Only,USB,0,
74,Logitech MK540 Advanced,62.41 ,11,4.0,4,Keyboard Only,USB,0,
75,Tracer Reef,6.75 ,2,5.0,2,Keyboard Only,USB,0,
76,Element KB-150UMS v2.0,8.80 ,0,4.8,4,Keyboard and Mouse Set,USB,0,
77,NOD Valuepro KMS-002,8.90 ,29,0.0,0,Keyboard and Mouse Set,USB,0,
78,HP Pavilion 300,22.05 ,17,3.5,4,Keyboard Only,USB,0,
79,Turbo-X MC 110 Red,12.90 ,0,5.0,1,Keyboard and Mouse Set,USB,0,
80,Dell KM7120W,72.73 ,10,4.0,1,Keyboard and Mouse Set,Bluetooth,0,
81,Microsoft Desktop 600 for Business,22.99 ,8,4.5,4,Keyboard and Mouse Set,USB,0,
82,Element KB-800W,19.50 ,28,2.3,3,Keyboard Only,USB,0,
83,Element KB-150U v2.0,8.90 ,0,5.0,2,Keyboard Only,USB,0,
84,Microsoft Wireless Desktop 3050,49.30 ,19,3.7,18,Keyboard and Mouse Set,USB,0,
85,Natec NKL-0968,26.30 ,3,4.3,6,Keyboard with Touchpad,USB,0,
86,Alcatroz Xplorer Dock 2 BT White,34.67 ,4,4.9,7,Keyboard with Touchpad,Bluetooth / Dock,2,
87,Microsoft Surface Go Signature Type Cover Black,102.05 ,11,5.0,1,Keyboard Only,Dock,2,
88,Logitech K400 Plus White,39.50 ,7,4.3,62,Keyboard with Touchpad,USB,2,
89,Microsoft Wired Keyboard 600 White,13.95 ,17,3.9,37,Keyboard Only,USB,2,
90,Mobilis Retro Black,27.14 ,5,5.0,1,Keyboard Only,USB,2,
91,Logitech MK470 White,46.70 ,4,4.3,4,Keyboard and Mouse Set,USB,2,
92,Logitech MK470 Graphite,46.93 ,10,4.3,4,Keyboard and Mouse Set,USB,2,
93,Mobilis RK908 Gold,23.90 ,2,4.5,2,Keyboard Only,Bluetooth,3,
94,Dell KM636 White,29.90 ,17,3.7,19,Keyboard and Mouse Set,USB,2,
95,Logitech K380 Pink,49.90 ,2,4.7,39,Keyboard Only,Bluetooth,3,
96,Trust Muto Silent,10.48 ,4,4.2,5,Keyboard Only,USB,0,
97,HAMA Cortino Wireless,24.90 ,0,5.0,1,Keyboard and Mouse Set,USB,0,
98,Ασύρματο mini Qwerty Πληκτρολόγιο Μαύρο,10.56 ,17,0.0,0,Keyboard with Touchpad,Bluetooth / USB,0,
99,Trust Nado,22.60 ,14,3.4,9,Keyboard Only,Bluetooth,0,
100,NOD W-KMS-103,14.90 ,13,4.0,1,Keyboard and Mouse Set,USB,0,
101,DAS Keyboard 4 Professional,166.80 ,0,5.0,1,Keyboard Only,USB,0,
102,i8+ Backlit,9.82 ,10,4.0,1,Keyboard with Touchpad,USB,0,
103,Logitech MK240 Nano Black,24.50 ,4,3.9,18,Keyboard and Mouse Set,USB,0,
104,HP Premium,67.80 ,0,5.0,1,Keyboard Only,USB,0,
105,Microsoft Wired Desktop 600,22.25 ,26,4.6,5,Keyboard and Mouse Set,USB,0,
106,Logitech K375s Multi-Device,39.32 ,14,3.4,7,Keyboard Only,Bluetooth / USB,0,
107,HAMA Cortino,13.27 ,3,5.0,1,Keyboard and Mouse Set,USB,0,
108,Lamtech LAM021295,8.26 ,9,0.0,0,Keyboard Only,USB,0,
109,C120,8.74 ,28,3.0,11,Keyboard and Mouse Set,USB,0,
110,Logitech K600 TV,99.99 ,0,5.0,1,Keyboard with Touchpad,USB,0,
111,Logitech Wireless Combo MK330,38.00 ,30,3.5,11,Keyboard and Mouse Set,USB,0,
112,HP K2500,19.70 ,14,4.2,6,Keyboard Only,USB,0,
113,Rebeltec Millenium,15.00 ,4,4.0,4,Keyboard and Mouse Set,USB,0,
114,Conceptum CB402 Black,5.17 ,14,0.0,0,Keyboard and Mouse Set,USB,0,
115,Lamtech LAM020854,14.40 ,11,3.3,4,Keyboard and Mouse Set,USB,0,
116,Trust Nova,16.50 ,16,0.0,0,Keyboard and Mouse Set,USB,0,
117,i8 Backlit,10.86 ,11,0.0,0,Keyboard with Touchpad,USB,0,
118,Logitech K400 Professional Wireless Touch Keyboard,32.00 ,4,4.5,2,Keyboard with Touchpad,USB,0,
119,Microsoft Wireless Sculpt Ergonomic Desktop & Mouse,100.80 ,15,4.0,24,Keyboard and Mouse Set,USB,0,
120,Riitek Rii K12+,34.00 ,0,5.0,1,Keyboard with Touchpad,USB,0,
121,Logitech K360 Black,35.00 ,3,4.5,55,Keyboard Only,USB,0,
122,HP Slim Wireless Keyboard and Mouse,39.51 ,4,5.0,1,Keyboard and Mouse Set,USB,0,
123,Logitech Wireless Illuminated Keyboard K800,99.99 ,16,4.3,22,Keyboard Only,USB,0,
124,Conceptum CB401,6.20 ,13,0.0,0,Keyboard and Mouse Set,USB,0,
125,Rebeltec Inspire,7.38 ,4,5.0,1,Keyboard Only,USB,0,
126,Microsoft Designer Bluetooth Desktop,83.75 ,14,4.0,4,Keyboard and Mouse Set,Bluetooth,0,
127,Marvo DCM001,15.70 ,11,3.0,1,Keyboard and Mouse Set,USB,0,
128,Lenovo Wireless Keyboard and Mouse Combo,47.50 ,3,4.3,4,Keyboard and Mouse Set,USB,0,
129,Keywin RL-GK03 Black,10.78 ,247,3.3,3,Keyboard and Mouse Set,Bluetooth,0,
130,Logitech Wireless Desktop MK710,90.90 ,28,3.9,15,Keyboard and Mouse Set,USB,0,
131,Rebeltec Whiterun Set,17.50 ,9,0.0,0,Keyboard and Mouse Set,Bluetooth / USB,0,
132,Natec NZB-1440,13.76 ,9,0.0,0,Keyboard and Mouse Set,USB,0,
133,Lenovo Preferred Pro II,30.79 ,11,4.0,1,Keyboard Only,USB,0,
134,Lenovo Professional Wireless Keyboard,35.10 ,12,0.0,0,Keyboard Only,USB,0,
135,Marvo DKB001,4.40 ,8,0.0,0,Keyboard Only,USB,0,
136,Weibo WB-8012,13.79 ,7,0.0,0,Keyboard and Mouse Set,USB,0,
137,Microsoft Wired Keyboard 600 Black,13.50 ,30,3.9,37,Keyboard Only,USB,2,
138,Xiaomi MIIIW MWBK01 White,57.90 ,2,5.0,1,Keyboard Only,Bluetooth,2,
139,Mobilis RK908 Silver,25.50 ,12,4.5,2,Keyboard Only,Bluetooth,3,
140,HP Pavilion 600 White,32.59 ,12,4.0,15,Keyboard Only,USB,2,
141,Xiaomi MIIIW Black,31.55 ,4,4.0,4,Keyboard and Mouse Set,USB,2,
142,Microsoft Surface Pro Signature Type Cover Alcantara Burgundy,174.51 ,7,0.0,0,Keyboard with Touchpad,Dock,6,
143,Logitech K480 White,48.00 ,7,4.8,18,Keyboard Only,Bluetooth,2,
144,Microsoft Surface Pro X,120.00 ,6,0.0,0,Keyboard with Touchpad,Dock,0,
145,Rebeltec Primero,5.30 ,8,0.0,0,Keyboard Only,USB,0,
146,Logitech MX900 Performance Combo,178.73 ,10,0.0,0,Keyboard and Mouse Set,Bluetooth,0,
147,Natec Tetra Black/Grey,20.63 ,5,0.0,0,Keyboard and Mouse Set,USB,0,
148,Defender HB 520,5.54 ,6,0.0,0,Keyboard Only,USB,0,
149,Defender HB 260,7.17 ,6,0.0,0,Keyboard Only,USB,0,
150,HP C2710 Combo White,28.90 ,10,3.0,1,Keyboard and Mouse Set,USB,0,
151,Conceptum KBW02,16.49 ,19,0.0,0,Keyboard with Touchpad,USB,0,
152,Andowl Q-813,5.69 ,8,0.0,0,Keyboard Only,USB,0,
153,Marvo DKB002,5.80 ,7,0.0,0,Keyboard Only,USB,0,
154,Logitech Comfort Wave MK570,105.00 ,0,5.0,1,Keyboard and Mouse Set,USB,0,
155,Silicone Keyboard Μαύρο,8.80 ,5,0.0,0,Keyboard Only,USB,0,
156,Microsoft Bluetooth Desktop,51.55 ,3,0.0,0,Keyboard and Mouse Set,Bluetooth,0,
157,Σετ Ασύρματο Πληκτρολόγιο και Ασύρματο Οπτικό Ποντίκι SPM R175750,39.95 ,6,0.0,0,Keyboard and Mouse Set,Bluetooth / USB,0,
158,Gembird KPD-UT-01,6.74 ,8,0.0,0,Keyboard Only,USB,0,
159,Approx MK210,6.00 ,6,0.0,0,Keyboard Only,USB,0,
160,Havit XL-KB006,17.99 ,7,5.0,1,Keyboard with Touchpad,USB,0,
161,Approx KBVLV5,6.39 ,3,5.0,1,Keyboard Only,USB,0,
162,Natec Flameback,3.27 ,6,0.0,0,Keyboard Only,USB,0,
163,Powertech PT-189,14.89 ,0,4.7,3,Keyboard and Mouse Set,USB,0,
164,Esperanza EK116,5.55 ,9,4.0,2,Keyboard Only,USB,0,
165,NOD ValuePro Wireless W-KMS-102,14.90 ,16,2.0,1,Keyboard and Mouse Set,USB,0,
166,NOD W-KMS-101,14.90 ,0,4.3,3,Keyboard and Mouse Set,USB,0,
167,Q-812 Black,23.00 ,5,0.0,0,Keyboard Only,Bluetooth,0,
168,Trust Classicline Keyboard New,8.88 ,10,4.0,5,Keyboard Only,USB,0,
169,Microsoft Bluetooth Keyboard,46.06 ,3,0.0,0,Keyboard Only,Bluetooth,0,
170,Microsoft Type Cover 2 Purple,29.90 ,0,5.0,2,Keyboard with Touchpad,Dock,0,
171,Wesdar V2,7.20 ,6,0.0,0,Keyboard Only,USB,0,
172,Logitech MX KEYS for Mac,109.99 ,2,0.0,0,Keyboard Only,Bluetooth / USB,0,
173,uGo Askja K110,4.10 ,2,0.0,0,Keyboard Only,USB,0,
174,Omega OK05TGR,5.45 ,20,3.2,5,Keyboard Only,USB,0,
175,Media-Tech MT122K-US,8.05 ,5,0.0,0,Keyboard Only,PS/2,0,
176,uGo Askja K140,2.79 ,3,0.0,0,Keyboard Only,USB,0,
177,Alcatroz Jellybean U2000 White/Mint,11.04 ,7,4.0,1,Keyboard and Mouse Set,USB,5,
178,Microsoft Surface Go Signature Type Cover Ice Blue,113.00 ,4,0.0,0,Keyboard with Touchpad,Dock,2,
179,Alcatroz U2000 Black,11.04 ,8,4.0,1,Keyboard and Mouse Set,USB,5,
180,Natec Discus White,7.31 ,6,0.0,0,Keyboard Only,USB,2,
181,Alcatroz Jellybean U2000 White,11.04 ,9,4.0,1,Keyboard and Mouse Set,USB,5,
182,Alcatroz Xplorer Go BT100 Black,13.70 ,5,0.0,0,Keyboard Only,Bluetooth,2,
183,Alcatroz Airpad 1 Black,21.40 ,7,2.0,1,Keyboard with Touchpad,USB,2,
184,Alcatroz Airpad 1 White,21.07 ,10,2.0,1,Keyboard with Touchpad,USB,2,
185,Alcatroz Jellybean U2000 Peach,11.04 ,8,4.0,1,Keyboard and Mouse Set,USB,5,
186,Logitech K380 Off-White,44.85 ,2,4.7,39,Keyboard Only,Bluetooth,3,
187,Microsoft Surface Go Signature Type Cover,119.00 ,2,0.0,0,Keyboard with Touchpad,Dock,2,
188,Alcatroz Xplorer Go BT100,13.98 ,5,0.0,0,Keyboard Only,Bluetooth,2,
189,Microsoft Surface Pro Signature Type Cover Ice Blue,139.00 ,4,0.0,0,Keyboard with Touchpad,Dock,6,
190,Xiaomi MIIIW White,31.55 ,4,4.0,4,Keyboard and Mouse Set,USB,2,
191,Alcatroz Jellybean U2000 Black/Red,11.04 ,7,4.0,1,Keyboard and Mouse Set,USB,5,
192,Xiaomi Wireless Keyboard And Mouse Set,28.90 ,2,0.0,0,Keyboard and Mouse Set,Bluetooth,0,
193,Element KB-150U,7.00 ,3,4.4,9,Keyboard Only,USB,0,
194,Touchglobal K06,17.00 ,2,0.0,0,Keyboard and Mouse Set,Bluetooth / Dock,0,
195,XtremeMac Bluetooth Numpad Calculator,69.23 ,8,0.0,0,Keyboard Only,Bluetooth,0,
196,Alcatroz Jellybean A2000 Mint,18.20 ,5,0.0,0,Keyboard and Mouse Set,USB,0,
197,Andowl QY-K08,16.90 ,3,0.0,0,Keyboard Only,Bluetooth,0,
198,Titanum TK109,8.01 ,5,0.0,0,Keyboard and Mouse Set,USB,0,
199,Viboton i8 Plus,16.70 ,2,0.0,0,Keyboard with Touchpad,Bluetooth,0,
200,Andowl QY-K01 White,14.90 ,0,0.0,0,Keyboard Only,USB,0,
201,Matias Wired Aluminum Tenkeyless Keyboard for Mac Silver,46.99 ,2,0.0,0,Keyboard Only,USB,0,
202,KeySonic ACK-595C+,36.00 ,0,5.0,1,Keyboard Only,USB,0,
203,Matias Wireless Aluminum Keyboard Space Gray,82.84 ,2,0.0,0,Keyboard Only,Bluetooth,0,
204,Tracer Octavia II Nano,13.02 ,3,5.0,1,Keyboard and Mouse Set,USB,0,
205,Trust Classicline Wired Keyboard and Mouse,13.67 ,6,3.5,2,Keyboard and Mouse Set,USB,0,
206,Logic LK-12,4.27 ,3,5.0,1,Keyboard Only,USB,0,
207,DAS Keyboard 4 Professional for Mac,149.68 ,2,0.0,0,Keyboard Only,USB,0,
208,Matias Wired Aluminum Keyboard for Mac Space Gray,60.54 ,2,0.0,0,Keyboard Only,USB,0,
209,Silicone Keyboard Ροζ,9.00 ,2,0.0,0,Keyboard Only,USB,0,
210,Andowl QY-K01,9.70 ,3,0.0,0,Keyboard Only,USB,0,
211,Universal Foldable Silver,21.20 ,2,0.0,0,Keyboard Only,Bluetooth,0,
212,Lenovo Professional Wireless Keyboard and Mouse Combo,52.80 ,12,3.0,1,Keyboard and Mouse Set,USB,0,
213,Powertech PT-680,17.70 ,3,3.7,3,Keyboard and Mouse Set,USB,0,
214,KeySonic ACK-3401U,26.68 ,4,0.0,0,Keyboard Only,USB,0,
215,Microsoft Ergonomic Keyboard,95.00 ,0,0.0,0,Keyboard Only,USB,0,
216,Wireless QWERTY Keyboard White,10.97 ,3,0.0,0,Keyboard with Touchpad,USB,0,
217,Q-812 Silver,23.00 ,2,0.0,0,Keyboard Only,Bluetooth,0,
218,ANG R4,29.99 ,2,0.0,0,Keyboard Only,Bluetooth,0,
219,Mixie X70,8.90 ,4,0.0,0,Keyboard Only,USB,0,
220,Esperanza Memphis,4.95 ,6,0.0,0,Keyboard Only,USB,0,
221,Riitek K22,32.93 ,5,0.0,0,Keyboard with Touchpad,USB,0,
222,Rebeltec Simplo,8.09 ,8,0.0,0,Keyboard and Mouse Set,USB,0,
223,Gembird KPD-U-02,6.90 ,2,0.0,0,Keyboard Only,USB,0,
224,Blow BK105,33.90 ,2,0.0,0,Keyboard Only,Bluetooth,0,
225,Lamtech LAM622185,12.99 ,13,4.0,1,Keyboard and Mouse Set,USB,0,
226,Matias Wireless Multi-Pairing Keyboard for Mac,60.24 ,0,0.0,0,Keyboard Only,Bluetooth,0,
227,Ezra AM01,10.90 ,0,0.0,0,Keyboard Only,USB,0,
228,Microsoft Surface Go Type Cover,113.00 ,0,0.0,0,Keyboard Only,Keyboard Only,0,
229,Turbo-X Miro,19.90 ,0,0.0,0,Keyboard and Mouse Set,USB,0,
230,Lenovo Professional Ultraslim Wireless,84.00 ,0,0.0,0,Keyboard and Mouse Set,USB,0,
231,Mini Bluetooth Magnetic Foldable Black,30.69 ,8,2.7,3,Keyboard Only,Bluetooth,0,
232,Tellur Wireless Keyboard And Mouse Kit,19.90 ,0,0.0,0,Keyboard and Mouse Set,USB,0,
233,Turbo-X DWLC 9100,22.90 ,0,0.0,0,Keyboard and Mouse Set,USB,0,
234,Turbo-X DW-1000,14.90 ,0,0.0,0,Keyboard Only,USB,0,
235,Logitech Combo MK345,59.00 ,0,4.0,1,Keyboard and Mouse Set,USB / Bluetooth,0,
236,Tellur Wired Keyboard,9.90 ,0,0.0,0,Keyboard Only,USB,0,
237,Mobilis Retro Red,26.49 ,7,5.0,1,Keyboard Only,USB,2,
238,R-Horse RF-8801 Silver,18.40 ,3,2.8,4,Keyboard and Mouse Set,USB,2,
239,Dell KB216 Grey,10.87 ,2,4.6,80,Keyboard Only,USB,3,
240,Turbo-X SMRT-400,24.90 ,0,0.0,0,Keyboard with Touchpad,USB,0,
241,Esperanza Akron TK109,8.90 ,1,0.0,0,Keyboard with Touchpad,Ασύρματο,0,
242,UKB-500 Keyboard,13.90 ,2,0.0,0,Keyboard with Touchpad,USB,0,
243,Turbo-X T 400,29.90 ,0,0.0,0,Keyboard with Touchpad,USB,0,
244,Turbo-X DWC 8000,17.90 ,0,0.0,0,Keyboard and Mouse Set,USB,0,
245,1Life kb:kit,12.08 ,2,0.0,0,Keyboard and Mouse Set,USB,0,
246,Universal Foldable Rose Gold,23.98 ,2,0.0,0,Keyboard Only,Bluetooth,0,
247,Remax Jinyin MK601,29.90 ,2,0.0,0,Keyboard and Mouse Set,Bluetooth / USB,0,
248,Turbo-X DWLC 6100,17.90 ,0,0.0,0,Keyboard and Mouse Set,USB,0,
249,Viboton i8 Plus Mini,14.90 ,0,0.0,0,Keyboard with Touchpad,Bluetooth,0,
250,Rebeltec Vortex,14.40 ,0,0.0,0,Keyboard and Mouse Set,USB,0,
251,Omega OKM071B,12.00 ,11,0.0,0,Keyboard and Mouse Set,USB,0,
252,Matias RGB Backlit Wired Aluminum Tenkeyless Keyboard for Mac Space Gray,80.22 ,0,0.0,0,Keyboard Only,USB,0,
253,Turbo-X MC 110 Blue,17.90 ,0,0.0,0,Keyboard and Mouse Set,USB,0,
254,Turbo-X MC 110,17.90 ,0,0.0,0,Keyboard and Mouse Set,USB,0,
255,Logickeyboard Cubase Nuendo Astra,144.00 ,0,0.0,0,Keyboard Only,USB,0,
256,Turbo-X DW-800,9.90 ,0,0.0,0,Keyboard Only,USB,0,
257,Turbo-X DWC 6000,14.90 ,0,0.0,0,Keyboard and Mouse Set,USB,0,
258,Turbo-X DW-600,11.90 ,0,0.0,0,Keyboard Only,USB,0,
259,Matias Wireless Aluminum Tenkeyless Keyboard Silver,75.68 ,0,0.0,0,Keyboard Only,Bluetooth,0,
260,Logickeyboard Adobe Photographer PC ASTRA Backlit Keyboard,144.00 ,0,0.0,0,Keyboard Only,USB,0,
261,Art AK-46U,7.94 ,6,0.0,0,Keyboard Only,USB,0,
262,Microsoft Surface Keyboard,149.00 ,2,3.8,5,Keyboard Only,Bluetooth,0,
263,Andowl Q-811,14.30 ,0,0.0,0,Keyboard Only,USB,0,
264,Esperanza TKR101,6.00 ,0,0.0,0,Keyboard Only,USB,0,
265,uGo Etna CW110,7.73 ,3,0.0,0,Keyboard and Mouse Set,USB,0,
266,Motospeed S102,15.00 ,0,0.0,0,Keyboard with Touchpad,USB,0,
267,Yenkee YKM 2007CS,39.00 ,0,0.0,0,Keyboard and Mouse Set,USB,0,
268,Omoton Ultra-Slim Bluetooth Keyboard,39.00 ,0,0.0,0,Keyboard Only,Bluetooth,0,
269,NGS Wired Set Cocoa Kit,24.40 ,3,0.0,0,Keyboard and Mouse Set,USB,0,
270,Yenkee YKB 1002CS,10.00 ,0,0.0,0,Keyboard Only,USB,0,
271,Blow KP-106 Black,11.90 ,0,0.0,0,Keyboard Only,USB,0,
272,Q-Tech KBQ-2030,12.90 ,3,0.0,0,Keyboard Only,USB,0,
273,Logickeyboard Davinci Resolve 14 Astra,98.00 ,0,0.0,0,Keyboard Only,USB,0,
274,Riitek Rii K16,115.00 ,0,0.0,0,Keyboard with Touchpad,Bluetooth / USB,0,
275,Sandberg Wireless Numeric Keypad 2,16.90 ,3,4.5,2,Keyboard Only,USB,0,
276,Riitek Rii RK901,29.00 ,0,0.0,0,Keyboard Only,USB,0,
277,Logickeyboard Blackmagic Design DaVinci Resolve 16 Astra,144.00 ,0,0.0,0,Keyboard Only,USB,0,
278,Logitech Wireless Keyboard K230,28.38 ,1,4.5,20,Keyboard Only,USB,0,
279,Zagg ZLTKBW-BB0,59.90 ,2,0.0,0,Keyboard Only,Lightning,0,
280,Satechi Compact Backlit,79.99 ,0,0.0,0,Keyboard Only,Bluetooth,0,
281,Savio KW-03,14.02 ,2,0.0,0,Keyboard with Touchpad,USB,0,
282,Riitek Rii mini H9S,13.79 ,6,0.0,0,Keyboard with Touchpad,USB,0,
283,Mobilis RK908 Black,31.50 ,0,4.5,2,Keyboard Only,Bluetooth,3,
284,Gembird KB-BT-001 White,19.90 ,2,2.7,3,Keyboard Only,Bluetooth,2,
285,Esperanza EK130 Black,6.45 ,11,0.0,0,Keyboard Only,USB,2,
286,Microsoft Surface Pro Type Cover Black,133.21 ,0,0.0,0,Keyboard with Touchpad,Dock,2,
287,Microsoft Surface Pro Signature Type Cover Charcoal Grey,144.00 ,0,0.0,0,Keyboard with Touchpad,Dock,6,
288,Everest MVLGR-2,5.29 ,5,0.0,0,Keyboard Only,USB,0,
289,Blow KP-23,7.80 ,3,0.0,0,Keyboard Only,USB,0,
290,Satechi Aluminum Bluetooth Keyboard Space Gray,79.90 ,4,3.0,2,Keyboard Only,Bluetooth,0,
291,Weibo WB-560,14.30 ,0,0.0,0,Keyboard Only,USB,0,
292,Rebeltec Vertex,16.70 ,0,0.0,0,Keyboard and Mouse Set,USB,0,
293,Andowl QY-K09,22.90 ,0,0.0,0,Keyboard Only,USB,0,
294,Trust Vaia,27.67 ,0,0.0,0,Keyboard with Touchpad,USB,0,
295,Belkin YourType Keyboard + Stand,37.90 ,0,0.0,0,Keyboard Only,Dock,0,
296,Macally Compact Space Gray USB Wired Keyboard,59.00 ,0,0.0,0,Keyboard Only,USB,0,
297,Logickeyboard Adobe Photographer Astra for Mac,144.00 ,0,0.0,0,Keyboard Only,USB,0,
298,Logickeyboard Adobe Filmmaker Astra for Mac,144.00 ,0,0.0,0,Keyboard Only,USB,0,
299,Das KeyBoard 4 Professional root,129.60 ,2,0.0,0,Keyboard Only,USB,0,
300,Satechi Aluminum Wired USB Keyboard for Apple,69.90 ,0,0.0,0,Keyboard Only,USB,0,
301,Blow BK103,9.81 ,3,0.0,0,Keyboard Only,Bluetooth,0,
302,Google Pixel Slate,199.00 ,0,0.0,0,Keyboard Only,Dock,0,
303,Sandberg Bluetooth Numeric Keypad,39.70 ,247,0.0,0,Keyboard Only,Bluetooth,0,
304,Yenkee YKM 2006US,22.90 ,3,0.0,0,Keyboard and Mouse Set,USB,0,
305,Riitek K12,29.90 ,3,0.0,0,Keyboard with Touchpad,USB,0,
306,HP Slim USB Keyboard and Mouse,24.50 ,9,0.0,0,Keyboard and Mouse Set,USB,0,
307,Silicone Keyboard Λευκό,13.99 ,0,0.0,0,Keyboard Only,USB,0,
308,A4Tech ComfortKey Desktop Black,10.50 ,2,0.0,0,Keyboard and Mouse Set,USB,0,
309,Azio Retro Classic USB Artisan Black/Gold,289.00 ,0,0.0,0,Keyboard Only,USB,0,
310,Logickeyboard Avid Pro Tools FRZ,131.00 ,0,0.0,0,Keyboard Only,USB,0,
311,Esperanza TK101,4.80 ,4,4.0,2,Keyboard Only,USB,0,
312,HP Wireless Keyboard and Mouse 300,25.20 ,20,1.0,1,Keyboard and Mouse Set,USB,0,
313,Zagg Tri Fold,89.90 ,0,0.0,0,Keyboard Only,Bluetooth,0,
314,Conceptum KBW01 White,25.90 ,24,4.7,3,Keyboard with Touchpad,USB,0,
315,Azio Retro Classic USB White/Gold,285.00 ,0,0.0,0,Keyboard Only,USB,0,
316,Azio Retro Classic USB Elwood,279.00 ,0,0.0,0,Keyboard Only,USB,0,
317,Xcellon KW-A300B,49.00 ,0,0.0,0,Keyboard Only,USB,0,
318,Microsoft Surface Pro X Signature,399.00 ,0,0.0,0,Keyboard with Touchpad,Dock,0,
319,Riitek Mini i15,38.36 ,0,0.0,0,Keyboard with Touchpad,USB,0,
320,Weibo WB-8011,16.20 ,3,0.0,0,Keyboard and Mouse Set,USB,0,
321,Keywin RL-GK06,10.78 ,3,0.0,0,Keyboard and Mouse Set,USB,0,
322,Natec Swordfish,5.73 ,9,0.0,0,Keyboard Only,USB,0,
323,Keywin GK300,12.03 ,0,0.0,0,Keyboard and Mouse Set,USB,0,
324,NG KB-UM-104,7.40 ,0,0.0,0,Keyboard Only,USB,0,
325,Microsoft Surface Pro Signature Type Cover Alcantara Platinum,179.00 ,0,0.0,0,Keyboard with Touchpad,Dock,6,
326,Logitech Wireless Solar Keyboard K750 White,89.00 ,0,4.8,4,Keyboard Only,USB,2,
327,Natec Tetra Blue/White,28.50 ,1,0.0,0,Keyboard and Mouse Set,USB,2,
328,Modecom MC-5003 Art Barbie,3.90 ,0,0.0,0,Keyboard Only,USB,2,
329,G-Cube Mad For Plaid Red,17.70 ,1,5.0,1,Keyboard and Mouse Set,USB,2,
330,Roline Numeric Keyboard USB Black,10.78 ,2,0.0,0,Keyboard Only,USB,2,
331,Microsoft Surface Pro Type Cover Alcantara Platinum,174.51 ,3,0.0,0,Keyboard with Touchpad,Dock,2,
332,LMP KB-1243 Grey,94.90 ,0,0.0,0,Keyboard Only,USB,2,
333,Esperanza Silicone EK126K,6.43 ,15,2.5,2,Keyboard Only,USB,2,
334,Microsoft Surface Pro Signature Type Cover Poppy Red,179.00 ,0,0.0,0,Keyboard with Touchpad,Dock,6,
335,G-Cube Mad for Plaid Pink,28.50 ,1,5.0,1,Keyboard and Mouse Set,USB,2,
336,De Tech DE6090,6.90 ,2,0.0,0,Keyboard Only,USB,0,
337,Mobilis B033 White,34.48 ,3,0.0,0,Keyboard Only,Bluetooth,0,
338,Esperanza EK134,4.08 ,3,0.0,0,Keyboard Only,USB,0,
339,Advent ADESKWL19K,17.99 ,0,0.0,0,Keyboard and Mouse Set,USB,0,
340,Logitech Advanced Combo Wireless Keyboard and Mouse,59.90 ,2,0.0,0,Keyboard and Mouse Set,USB,0,
341,Raspberry Pi Keyboard White,18.90 ,3,0.0,0,Keyboard Only,USB,0,
342,Promate SiriKeyboard,46.90 ,6,0.0,0,Keyboard Only,Bluetooth,0,
343,Alcatroz Jellybean U200 Mint,9.90 ,0,0.0,0,Keyboard Only,USB,0,
344,Advent C112K,11.99 ,0,0.0,0,Keyboard and Mouse Set,USB,0,
345,BSL RMBSL-40RFT,30.90 ,3,0.0,0,Keyboard with Touchpad,USB,0,
346,KeySonic KSK-5230,72.00 ,2,0.0,0,Keyboard with Touchpad,USB,0,
347,Tracer Luster,15.30 ,3,0.0,0,Keyboard Only,USB,0,
348,Omega OKB004B,25.00 ,3,0.0,0,Keyboard with Touchpad,USB,0,
349,Blow KP-112,8.99 ,0,0.0,0,Keyboard Only,USB,0,
350,Mobilis Mini,5.42 ,2,0.0,0,Keyboard Only,USB,0,
351,LogiLink ID0184,5.43 ,2,0.0,0,Keyboard Only,USB,0,
352,Active Jet K-3113,5.56 ,2,0.0,0,Keyboard Only,USB,0,
353,Riitek Rii mini K12,33.50 ,2,4.3,3,Keyboard with Touchpad,USB / Bluetooth,0,
354,De Tech DE6084,6.81 ,8,0.0,0,Keyboard Only,USB,0,
355,Active Jet K-3016 White Slim,5.56 ,2,0.0,0,Keyboard Only,USB,0,
356,KB560,31.87 ,11,0.0,0,Keyboard Only,Bluetooth,0,
357,Natec Goby,4.28 ,2,0.0,0,Keyboard Only,USB,0,
358,Rapoo 8060,20.00 ,0,0.0,0,Keyboard and Mouse Set,USB,0,
359,A4Tech KB-8A,8.91 ,2,0.0,0,Keyboard Only,USB,0,
360,Lamtech LAM040830,8.63 ,11,0.0,0,Keyboard and Mouse Set,USB,0,
361,Sbox BT-05,13.45 ,2,0.0,0,Keyboard Only,Bluetooth,0,
362,Bitmore K200,7.24 ,3,5.0,1,Keyboard Only,USB,0,
363,R-Horse FC-5166,17.00 ,0,0.0,0,Keyboard and Mouse Set,USB,0,
364,Logickeyboard Logic Pro X - Mac Astra,144.00 ,2,0.0,0,Keyboard Only,USB,0,
365,Trust Ziva,8.89 ,3,4.0,1,Keyboard Only,USB,0,
366,Gembird KBS-WCH-01,12.56 ,10,3.5,10,Keyboard and Mouse Set,USB,0,
367,OEM WB-8099,15.00 ,2,0.0,0,Keyboard and Mouse Set,USB,0,
368,Logickeyboard Pro Tools - Mac Astra,144.00 ,2,0.0,0,Keyboard Only,USB,0,
369,Tracer Cinnabar RF,20.00 ,0,0.0,0,Keyboard and Mouse Set,USB,0,
370,Sandberg Wired Numeric Keypad,11.99 ,247,0.0,0,Keyboard Only,USB,0,
371,Matias Wired Aluminium Mac Keyboard,60.54 ,0,0.0,0,Keyboard Only,USB,0,
372,Esperanza Retro,5.49 ,1,0.0,0,Keyboard Only,USB,0,
373,Tracer Maverick Black,4.10 ,0,0.0,0,Keyboard Only,USB,0,
374,Trust ClassicLine,10.06 ,2,0.0,0,Keyboard Only,USB,0,
375,HP USB Slim Business Keyboard,20.68 ,9,3.0,1,Keyboard Only,USB,0,
376,Qoltec Wireless Touchpad,31.90 ,24,0.0,0,Keyboard with Touchpad,USB,0,
377,Gembird KBS-WM-03,18.90 ,0,0.0,0,Keyboard and Mouse Set,USB,0,
378,A4Tech KR-92,8.42 ,0,0.0,0,Keyboard Only,USB,0,
379,Lenovo 510,44.90 ,2,0.0,0,Keyboard and Mouse Set,USB,0,
380,Natec Discus Black,7.31 ,4,0.0,0,Keyboard Only,USB,2,
381,Esperanza EK122K,18.69 ,5,4.0,1,Keyboard and Mouse Set,USB,2,
382,R-Horse RF-8801 Gold,18.40 ,5,2.8,4,Keyboard and Mouse Set,USB,2,
383,Element KB-590WMS Red,19.90 ,4,0.0,0,Keyboard and Mouse Set,USB,2,
384,KeySonic KSK-3023,49.80 ,0,0.0,0,Keyboard Only,Bluetooth,0,
385,Microsoft Surface Pro 3 Type Cover Purple,59.90 ,0,5.0,1,Keyboard with Touchpad,Bluetooth,0,
386,Logickeyboard Bmd Davinci Resolve - Astra Mac,144.00 ,0,0.0,0,Keyboard Only,USB,0,
387,Logickeyboard Premiere Pro CC - PC Astra,142.00 ,0,0.0,0,Keyboard Only,USB,0,
388,Logickeyboard Edius - PC Astra,142.00 ,0,0.0,0,Keyboard Only,USB,0,
389,Logickeyboard Vegas Pro - PC Astra,144.00 ,0,0.0,0,Keyboard Only,USB,0,
390,Logickeyboard Cinema 4D - PC Astra,144.00 ,0,0.0,0,Keyboard Only,USB,0,
391,Logickeyboard Pro Tools - PC Astra,144.00 ,0,0.0,0,Keyboard Only,USB,0,
392,Logickeyboard Final Cut Pro X - Mac Astra,144.00 ,0,0.0,0,Keyboard Only,USB,0,
393,Logickeyboard Cinema 4D - Mac Astra,144.00 ,0,0.0,0,Keyboard Only,USB,0,
394,Canyon Ultra slim keyboard with side LED lights,14.50 ,0,0.0,0,Keyboard Only,USB,0,
395,Dell KM714,55.00 ,2,4.1,7,Keyboard and Mouse Set,USB,0,
396,Lamtech LAM622178,4.98 ,13,0.0,0,Keyboard Only,USB,0,
397,Gembird KB-U-103,5.79 ,6,3.7,3,Keyboard Only,USB,0,
398,Savio KW-02,13.86 ,2,0.0,0,Keyboard with Touchpad,USB,0,
399,Gembird Numeric Keypad KPD-U-01,6.50 ,2,0.0,0,Keyboard Only,USB,0,
400,HP Wireless Collaboration Keyboard,63.00 ,3,0.0,0,Keyboard Only,USB,0,
401,Riitek RT725,44.00 ,0,0.0,0,Keyboard Only,USB,0,
402,Natec Barracuda Slim,12.00 ,3,4.0,1,Keyboard Only,USB,0,
403,Riitek Rii i5,36.90 ,0,0.0,0,Keyboard with Touchpad,USB / Bluetooth,0,
404,HAMA Verano,9.30 ,4,0.0,0,Keyboard Only,USB,0,
405,Gembird KBS-W-01,16.90 ,2,0.0,0,Keyboard and Mouse Set,USB,0,
406,Canyon Classic Wired Combo Set,19.99 ,0,0.0,0,Keyboard and Mouse Set,USB,0,
407,Lamtech LAM021288,13.27 ,9,1.0,1,Keyboard Only,Bluetooth,0,
408,HP K1500,9.88 ,11,0.0,0,Keyboard Only,USB,0,
409,Genius KB 110,7.70 ,5,0.0,0,Keyboard Only,USB,0,
410,HP Wireless Slim Business Keyboard,57.00 ,0,0.0,0,Keyboard and Mouse Set,USB,0,
411,Natec Trout Slim,3.49 ,5,0.0,0,Keyboard Only,USB,0,
412,Powertech PT-185,12.88 ,14,2.0,1,Keyboard and Mouse Set,USB,0,
413,HP Wireless Premium,77.80 ,0,0.0,0,Keyboard Only,USB,0,
414,Mobilis MK-121,5.32 ,10,0.0,0,Keyboard Only,USB,0,
415,Dell KB212-B,15.00 ,0,5.0,2,Keyboard Only,USB,0,
416,Esperanza EK112,8.40 ,1,4.0,1,Keyboard Only,USB,0,
417,Lamtech LAM081703,15.88 ,5,0.0,0,Keyboard with Touchpad,USB,0,
418,Esperanza Aspen Wireless Set EK120,18.20 ,7,3.7,3,Keyboard and Mouse Set,USB,0,
419,Microsoft Surface Pro Standard,139.00 ,2,0.0,0,Keyboard with Touchpad,Dock,0,
420,Universal Foldable Gold,20.00 ,4,3.0,1,Keyboard Only,Bluetooth,0,
421,Savio KW-01,14.16 ,1,3.0,1,Keyboard with Touchpad,USB,0,
422,Esperanza EK-129,2.77 ,9,0.0,0,Keyboard Only,USB,0,
423,Mobilis MK-137,5.90 ,0,4.0,2,Keyboard Only,USB,0,
424,Xiaomi MIIIW MWBK01 Black,58.70 ,0,5.0,1,Keyboard Only,Bluetooth,2,
425,Microsoft Surface Go Signature Type Platinum,113.00 ,2,5.0,1,Keyboard Only,Dock,2,
426,Natec Tetra White,28.50 ,1,0.0,0,Keyboard and Mouse Set,USB,2,
427,Element KB-590WMS Green,16.90 ,2,0.0,0,Keyboard and Mouse Set,USB,2,
428,Esperanza Silicone EK126 White,7.90 ,13,2.5,2,Keyboard Only,USB,2,
429,Logitech Wireless Solar Keyboard K750,89.00 ,2,4.8,4,Keyboard Only,USB,2,
430,LMP KB-1243 White,78.00 ,2,0.0,0,Keyboard Only,USB,2,
431,Esperanza EK122 White,17.99 ,5,4.0,1,Keyboard and Mouse Set,USB,2,
432,Logitech Wireless Keyboard K270,32.60 ,0,4.2,12,Keyboard Only,USB,0,
433,Approx APPKBECO,6.76 ,3,0.0,0,Keyboard Only,USB,0,
434,Genius NumPad i120,12.60 ,0,0.0,0,Keyboard Only,USB,0,
435,Esperanza TK102,4.80 ,3,0.0,0,Keyboard Only,USB,0,
436,Tracer Maverick,3.83 ,3,0.0,0,Keyboard Only,USB,0,
437,Media-Tech MT1250,8.87 ,4,0.0,0,Keyboard Only,USB,0,
438,Riitek i28,36.15 ,0,4.0,1,Keyboard with Touchpad,USB,0,
439,Kanex MultiSync for Mac & iOS Gray,89.00 ,0,0.0,0,Keyboard Only,USB,0,
440,Conceptum CBM501,9.29 ,9,1.0,1,Keyboard and Mouse Set,USB,0,
441,Trust Ximo,17.00 ,4,0.0,0,Keyboard and Mouse Set,USB,0,
442,HP C2500 Desktop,16.05 ,8,0.0,0,Keyboard and Mouse Set,USB,0,
443,Logickeyboard Avid Media Composer,142.00 ,0,4.0,1,Keyboard Only,USB,0,
444,FanTech K3M,9.90 ,4,0.0,0,Keyboard Only,USB,0,
445,Havit G21,19.90 ,0,4.0,1,Keyboard and Mouse Set,USB,0,
446,NOD KMS-001,8.90 ,5,0.0,0,Keyboard and Mouse Set,USB,0,
447,Esperanza Titanum Orlando TK104,21.80 ,0,0.0,0,Keyboard and Mouse Set,USB,0,
448,Esperanza EK121 Kid,9.40 ,8,0.0,0,Keyboard Only,USB,0,
449,A4Tech KV-300H,22.41 ,2,0.0,0,Keyboard Only,USB,0,
450,Azio Retro Classic USB Black,285.00 ,0,0.0,0,Keyboard Only,USB,0,
451,Weibo WB-8068,12.94 ,7,2.8,8,Keyboard and Mouse Set,USB,0,
452,Havit KB-44401,12.00 ,2,4.0,1,Keyboard Only,USB,0,
453,Viboton S1,23.85 ,0,4.0,1,Keyboard Only,USB,0,
454,A4Tech KR-83,11.06 ,0,0.0,0,Keyboard Only,USB,0,
455,Lenovo Smartcard,65.00 ,0,0.0,0,Keyboard Only,USB,0,
456,Logitech Wireless Wave Combo MK550,89.00 ,0,0.0,0,Keyboard and Mouse Set,USB,0,
457,A4Tech KR-750,10.91 ,0,0.0,0,Keyboard Only,USB,0,
458,Rapoo 8000,20.00 ,0,0.0,0,Keyboard and Mouse Set,USB,0,
459,Modecom MC-700U,18.73 ,0,0.0,0,Keyboard Only,USB,0,
460,Minix Neo K2 Touchpad,43.00 ,3,0.0,0,Keyboard with Touchpad,USB,0,
461,Minix Neo K1 Mini Touchpad,38.90 ,2,0.0,0,Keyboard with Touchpad,USB,0,
462,A4Tech KRS-8372,14.26 ,0,3.0,1,Keyboard and Mouse Set,USB,0,
463,Riitek Mini Wireless Keyboard i10,44.00 ,0,4.0,2,Keyboard with Touchpad,USB,0,
464,Logitech K830 Black,116.00 ,2,3.8,6,Keyboard with Touchpad,USB / Bluetooth,0,
465,Gembird KB-9835LU,17.00 ,1,0.0,0,Keyboard Only,USB,0,
466,Esperanza EK115,15.07 ,1,0.0,0,Keyboard Only,USB,0,
467,Esperanza EK102,5.50 ,1,0.0,0,Keyboard Only,USB,0,
468,Proster PST006,21.74 ,8,0.0,0,Keyboard with Touchpad,USB,0,
469,Sandberg Streamboard Nordic,66.95 ,24,0.0,0,Keyboard with Touchpad,USB,0,
470,Rebeltec Solid,5.99 ,4,0.0,0,Keyboard Only,USB,0,
471,Matias Bluetooth Aluminum Keyboard Silver,83.25 ,0,0.0,0,Keyboard Only,Bluetooth,0,
472,Powertech PT-190,9.99 ,6,3.3,3,Keyboard Only,USB,0,
473,HAMA SK140,11.30 ,1,0.0,0,Keyboard Only,USB,0,
474,Esperanza TK107,3.27 ,4,2.0,1,Keyboard Only,USB,0,
475,DeLock USB Key Pad 19 keys,8.90 ,0,0.0,0,Keyboard Only,USB,0,
476,Powertech PT-301,8.95 ,2,3.5,2,Keyboard Only,USB,0,
477,Azio Mk Mac Wired USB Backlit Mechanical Keyboard,149.00 ,0,3.0,1,Keyboard Only,USB,0,
478,Microsoft Surface Pro Signature Type Cover Blue,159.90 ,0,0.0,0,Keyboard with Touchpad,Dock,6,
479,Esperanza EK130 White,11.50 ,0,0.0,0,Keyboard Only,USB,2,
480,Visiontek CandyBoard Wireless,59.00 ,0,0.0,0,Keyboard with Touchpad,USB,0,
481,Approx KBWSAKIT,27.90 ,0,3.0,1,Keyboard and Mouse Set,USB,0,
482,Rebeltec Elegance,16.98 ,3,3.0,1,Keyboard Only,USB,0,
483,HP Classic Wired Keyboard,10.90 ,4,4.3,3,Keyboard Only,USB,0,
484,Measy GP800,19.00 ,0,3.0,1,Keyboard with Touchpad,USB,0,
485,Rebeltec Espiro,6.00 ,4,0.0,0,Keyboard Only,USB,0,
486,Sandberg Nor,22.30 ,247,0.0,0,Keyboard and Mouse Set,USB,0,
487,Sandberg Wireless Office DesktopSet UK,42.15 ,24,0.0,0,Keyboard and Mouse Set,USB,0,
488,Sandberg Nord,13.60 ,247,0.0,0,Keyboard Only,USB,0,
489,FanTech FTK-801,5.80 ,5,0.0,0,Keyboard Only,USB,0,
490,FanTech WK-890,19.00 ,0,0.0,0,Keyboard and Mouse Set,USB,0,
491,Riitek Rii mini i12,39.32 ,2,4.0,1,Keyboard with Touchpad,USB,0,
492,Lenovo Ultrabook Keyboard,39.90 ,0,4.0,1,Keyboard with Touchpad,Bluetooth,0,
493,KeySonic KSK-8030IN,65.80 ,2,0.0,0,Keyboard Only,USB,0,
494,Kit KBXLBKKT,29.90 ,0,0.0,0,Keyboard Only,Bluetooth,0,
495,Belkin YourType Bluetooth Wireless Keypad,53.99 ,6,2.5,2,Keyboard Only,Bluetooth,0,
496,KeySonic ACK-118BK,6.02 ,6,3.0,1,Keyboard Only,USB,0,
497,Media-Tech MT1421,17.90 ,6,1.0,1,Keyboard with Touchpad,USB,0,
498,Weibo WB-8033,13.10 ,2,0.0,0,Keyboard and Mouse Set,USB,0,
499,Lenovo ThinkPad Tablet 2 Bluetooth Keyboard with Stand,69.90 ,8,0.0,0,Keyboard Only,Bluetooth,0,
500,Havit Mini K-1000,12.90 ,0,3.0,1,Keyboard Only,USB,0,
501,Lenovo Multi-OS Keyboard W500,84.90 ,0,0.0,0,Keyboard Only,Bluetooth,0,
502,Rebeltec Pure,17.90 ,0,3.0,2,Keyboard and Mouse Set,USB,0,
503,Logickeyboard Avid Media Composer Advance,142.00 ,0,0.0,0,Keyboard Only,USB,0,
504,Logickeyboard Avid Media Composer Slim,142.00 ,0,0.0,0,Keyboard Only,USB,0,
505,Logickeyboard Avid Media Composer PC Backlit Astra Keyboard,142.00 ,0,0.0,0,Keyboard Only,USB,0,
506,Esperanza Titanum TK106,4.18 ,3,0.0,0,Keyboard and Mouse Set,USB,0,
507,Logitech Keys-To-Go Black,89.00 ,0,4.0,1,Keyboard Only,Bluetooth,0,
508,Omega OKM025 Set,12.00 ,0,0.0,0,Keyboard and Mouse Set,USB,0,
509,Rebeltec Portal,14.50 ,0,0.0,0,Keyboard Only,USB,0,
510,Element KB-700W,31.50 ,3,3.7,3,Keyboard with Touchpad,USB,0,
511,Kanex Multi-Sync Bluetooth Keyboard for PC/Android,39.99 ,0,0.0,0,Keyboard Only,Bluetooth,0,
512,LogiLink Wireless Numeric Keypad with 18 Keys,12.03 ,4,0.0,0,Keyboard Only,USB,0,
513,Element KB-260WMS,19.50 ,4,0.0,0,Keyboard and Mouse Set,USB,0,
514,Esperanza Standard TK103,4.90 ,2,3.0,1,Keyboard Only,USB,0,
515,Tracer Eureka TRK-325,24.90 ,0,0.0,0,Keyboard Only,Bluetooth,0,
516,Sansun SN-322,42.00 ,0,0.0,0,Keyboard and Mouse Set,USB,0,
517,A4Tech Wireless Desktop Padless 7100n,21.38 ,2,0.0,0,Keyboard and Mouse Set,USB,0,
518,Tracer Keybox II RF Nano,13.00 ,0,0.0,0,Keyboard and Mouse Set,USB,0,
519,Riitek Mini Wireless Keyboard K01 V3,19.50 ,4,0.0,0,Keyboard with Touchpad,USB,0,
520,Trust Veza,24.99 ,7,2.0,2,Keyboard with Touchpad,USB,0,
521,Sandberg Bluetooth Touchpad Keyboard,47.90 ,2,3.0,1,Keyboard with Touchpad,Bluetooth,0,
522,HAMA Uzzano 2.0 Smart-TV Keyboard,39.90 ,0,1.5,2,Keyboard Only,USB,0,
523,Sandberg StreamBoard,33.39 ,24,0.0,0,Keyboard with Touchpad,USB / Bluetooth,0,
524,KB-WL-MICRO Wireless Keyboard,11.00 ,3,3.3,3,Keyboard with Touchpad,USB,0,
525,iMove i1 Mini,25.01 ,0,0.0,0,Keyboard Only,USB,0,
526,Element KB-580WMS,21.75 ,0,0.0,0,Keyboard and Mouse Set,USB,0,
527,G-Cube Black & White Endless Note X-Key,17.30 ,1,0.0,0,Keyboard Only,USB,0,
528,G-Cube Lux Leopard,14.90 ,27,0.0,0,Keyboard and Mouse Set,USB,0,
529,Vakoss TK-525BK,32.00 ,2,0.0,0,Keyboard with Touchpad,USB,0,
530,Energenie Bamboo,28.50 ,1,0.0,0,Keyboard and Mouse Set,USB,0,
531,Approx KBTV02,31.90 ,3,3.0,2,Keyboard with Touchpad,USB,0,
532,R-Go Tools Goldtouch Adjustable Keyboard V2,189.25 ,0,0.0,0,Keyboard Only,USB,0,
533,Seenda IS11-BT05R,59.00 ,0,0.0,0,Keyboard with Touchpad,USB,0,
534,Powertech PT-191,12.99 ,2,2.5,2,Keyboard Only,USB,0,
535,Powertech PT-186,24.90 ,0,2.5,12,Keyboard and Mouse Set,USB,0,
536,Keyboard / TouchPad (CVNP-A250W),15.98 ,0,0.0,0,Keyboard with Touchpad,USB,0,
537,uGo 4in1 Office Set,17.90 ,2,1.0,1,Keyboard and Mouse Set,USB,0,
538,Microsoft Wireless Desktop 2000,39.50 ,10,3.6,16,Keyboard and Mouse Set,USB,0,
539,HP USB Keyboard QY776AA,19.90 ,2,3.0,1,Keyboard Only,USB,0,
540,Logitech Wireless Keyboard K350,59.99 ,3,4.2,6,Keyboard Only,USB,0,
541,Approx KBWS04BG,27.90 ,0,0.0,0,Keyboard and Mouse Set,USB,0,
542,Gigabyte Force K3,35.00 ,0,0.0,0,0,USB,0,
543,Bitmore KM201,8.56 ,5,2.5,6,Keyboard and Mouse Set,USB,0,
544,Microsoft Universal Foldable Keyboard,77.94 ,0,2.0,1,Keyboard Only,Bluetooth,0,
545,Measy RC8,24.00 ,0,0.0,0,Keyboard with Touchpad,USB,0,
546,Dell Keyboard for Venue 8 Pro,79.00 ,0,0.0,0,Keyboard Only,Bluetooth,0,
547,Sandberg Wired USB Office Keyboard,9.39 ,5,1.0,1,Keyboard Only,USB,0,
548,Havit HV-K528,16.00 ,0,0.0,0,Keyboard and Mouse Set,USB,0,
549,Konig CSK MCU 100,14.95 ,0,0.0,0,Keyboard and Mouse Set,USB,0,
550,Modecom MC-5006,6.72 ,0,0.0,0,Keyboard Only,USB,0,
551,Mobilis BK3001 Silver,13.45 ,4,1.0,2,Keyboard Only,Bluetooth,0,
552,Esperanza TK108,5.89 ,6,1.0,2,Keyboard and Mouse Set,USB,0,
553,Element KB-150UMS,8.40 ,0,3.0,1,Keyboard and Mouse Set,USB,0,
554,Tracer Mecano,24.17 ,0,1.0,1,Keyboard Only,USB,0,
555,Havit K11,9.00 ,2,1.0,1,Keyboard Only,USB,0,
556,78459925,16.90 ,0,1.0,1,Keyboard Only,Bluetooth,0,
557,Approx APPKBVL,5.99 ,2,0.0,0,Keyboard Only,USB,0,
558,Genius KB-110X,11.00 ,0,0.0,0,Keyboard Only,USB,0,
559,Gembird KB-BTF2-B,9.07 ,10,1.0,1,Keyboard Only,Bluetooth,0,
560,Element KB-100U,7.90 ,1,0.0,0,Keyboard Only,USB,0,
561,Targus Numeric Keypad,15.00 ,2,0.0,0,Keyboard Only,USB,0,
562,HP Wireless Classic Desktop,36.00 ,0,3.0,3,Keyboard and Mouse Set,USB,0,
563,Kensington ValueKeyboard,9.90 ,0,0.0,0,Keyboard Only,USB,0,
564,Omega OK-06,6.99 ,0,0.0,0,Keyboard Only,USB,0,
565,Gigabyte K7100,14.50 ,0,0.0,0,Keyboard Only,USB,0,
566,Gigabyte K6800,14.99 ,0,0.0,0,Keyboard Only,USB,0,
567,Gembird KB-109F,9.90 ,2,1.0,1,Keyboard Only,USB,0,
568,Element KB-600,25.00 ,0,1.0,3,Keyboard and Mouse Set,USB,0,
569,Gembird KB-BT-001 Black,25.00 ,0,2.7,3,Keyboard Only,Bluetooth,2,
570,Roline Numeric Keyboard USB Silver,10.78 ,2,0.0,0,Keyboard Only,USB,2,
571,Modecom MC-5003 Hot Wheels,3.90 ,0,0.0,0,Keyboard Only,USB,2,
572,Zeroground KB-2800G Satomi,53.99 ,59,4.6,27,,,0,Outemu Red
573,Razer Cynosa Lite Chroma,38.88 ,40,4.2,44,,,0,Membrane
574,Zeroground KB-2700G Sakimo,43.99 ,64,4.6,8,,,0,Outemu Blue
575,Zeroground KB-2400G Taigen v2.0,43.80 ,69,4.4,38,,,0,Custom Mechanical
576,Razer Blackwidow Chroma Elite (Razer Green),134.47 ,35,4.7,69,,,0,Razer Green
577,Zeroground KB-2600G Simeto,29.99 ,54,4.3,22,,,0,Custom Blue
578,Zeroground KB-2300G Sagara,24.90 ,73,4.2,22,,,0,Membrane
579,Razer Huntsman Tournament Edition,124.00 ,22,4.8,34,,,0,Razer Linear
580,Philips SPK8614,32.80 ,35,4.7,26,,,0,Custom Blue
581,Zeroground Arai KB-1700GUMS,25.90 ,51,4.3,35,,,0,Membrane
582,Zeroground KB-2500G Hanzo v2.0,21.99 ,53,4.3,9,,,0,Membrane
583,NOD Metal Stealth,22.80 ,43,4.5,39,,,0,Membrane
584,Motospeed CK108 (Outemu Blue),39.98 ,22,4.6,172,,,0,Outemu Blue
585,Corsair K70 RGB MK.2 (Cherry MX Red),129.00 ,22,4.9,15,,,0,Cherry MX Red
586,Razer Huntsman Elite (Razer Linear Optical),192.85 ,21,4.7,58,,,0,Razer Linear
587,Corsair K55 RGB,56.05 ,21,4.6,64,,,0,Membrane
588,Philips Momentum,15.50 ,47,4.0,13,,,0,Key Lights
589,Razer Blackwidow Chroma Elite (Razer Yellow),148.10 ,22,4.7,69,,,0,Razer Yellow
590,HyperX Alloy Origins TKL (HyperX Red),104.00 ,13,5.0,8,,,0,HyperX Red
591,Logitech G213 Prodigy,52.65 ,28,4.6,39,,,0,Membrane
592,Philips SPK8614-BRS,33.00 ,37,4.5,6,,,0,Custom Brown
593,Motospeed CK108 (Outemu Black),36.70 ,19,4.6,172,,,0,Outemu Black
594,Conceptum Black Dragon G901,64.90 ,4,4.9,41,,,0,Custom Blue
595,Sades Neo Blademail,22.01 ,27,4.7,61,,,0,Membrane
596,Razer Huntsman Elite (Razer Clicky Optical),184.54 ,15,4.7,58,,,0,Razer Clicky
597,Logitech G512 Carbon (GX Blue),99.90 ,13,4.9,11,,,0,GX Blue
598,Razer Ornata Chroma,84.90 ,9,4.5,224,,,0,Membrane
599,Zeroground KB-1900GUHMS Sumiko Bundle,35.99 ,43,4.0,7,,,0,Membrane
600,Sharkoon Skiller Mech SGK3 (Kailh Red),63.87 ,13,4.9,15,,,0,Kailh Red
601,Motospeed CK61 (Outemu Blue),41.69 ,5,4.4,28,,,0,Outemu Blue
602,Motospeed CK108 (Outemu Red),38.77 ,15,4.6,172,,,0,Outemu Red
603,HyperX Alloy FPS RGB,94.08 ,9,4.8,13,,,0,Kailh Speed Silver
604,Corsair K68 RGB,109.90 ,25,4.4,18,,,0,Cherry MX Red
605,NOD Iron Strike,39.90 ,32,4.7,3,,,0,Xinda Blue
606,Armaggeddon MKA-3C Psychfalcon,30.00 ,15,4.5,39,,,0,Outemu Blue
607,CoolerMaster MK110,43.29 ,6,5.0,5,,,0,Membrane
608,CoolerMaster MK730,123.00 ,7,5.0,6,,,0,Cherry MX Brown
609,Motospeed Inflictor CK104 Silver (Outemu Red),36.83 ,13,4.7,914,,,2,Outemu Red
610,Motospeed Inflictor CK104 RGB Silver (Outemu Blue),35.38 ,17,4.7,914,,,2,Outemu Blue
611,Logitech G413 Black,72.90 ,22,4.6,74,,,2,Romer-G Tactile
612,Motospeed Inflictor CK104 RGB Silver (Outemu Black),35.02 ,12,4.7,914,,,2,Outemu Black
613,Razer Huntsman Black,108.39 ,28,4.5,27,,,3,Razer Clicky
614,Motospeed Inflictor CK104 RGB Red (Outemu Red),31.71 ,13,4.7,914,,,2,Outemu Red
615,Motospeed Inflictor CK104 RGB Red (Outemu Blue),31.49 ,18,4.7,914,,,2,Outemu Blue
616,Motospeed CK103 White (Outemu Blue),43.81 ,9,4.8,45,,,2,Outemu Blue
617,Motospeed K82 Black (Outemu Blue),38.30 ,14,4.8,12,,,2,Outemu Blue
618,Logitech G413 Silver,68.99 ,28,4.6,74,,,2,Romer-G Tactile
619,Motospeed CK62 RGB White (Outemu Red),46.00 ,0,4.4,27,,,2,Outemu Red
620,Motospeed K70,9.54 ,18,4.5,112,,,0,Membrane
621,Logitech G512 SE RGB,99.90 ,7,4.6,11,,,0,GX Blue
622,Razer BlackWidow Chroma (Razer Green),103.50 ,20,4.6,46,,,0,Razer Green
623,Razer Blackwidow Lite,83.55 ,24,4.4,9,,,0,Razer Orange
624,Armaggeddon RGB Raptor MKA-11R,46.60 ,11,4.9,7,,,0,Outemu Blue
625,White Shark GC-4102,28.60 ,8,4.3,12,,,0,Membrane
626,Orzly RX250-K,12.90 ,0,4.9,7,,,0,Key Lights
627,Motospeed CK103 Black (Outemu Red),39.49 ,12,4.8,45,,,0,Outemu Red
628,A4Tech Bloody B120N,22.90 ,37,5.0,1,,,0,Membrane
629,A4Tech B500N,24.50 ,35,5.0,1,,,0,Membrane
630,CoolerMaster CK550 (Gateron Brown),77.64 ,8,4.5,23,,,0,Gateron Brown
631,Trust GXT 838 Azor,28.90 ,9,4.4,24,,,0,Membrane
632,SteelSeries Apex Pro TKL,209.90 ,0,5.0,5,,,0,SteelSeries OmniPoint
633,SteelSeries Apex Pro,230.00 ,7,4.7,10,,,0,SteelSeries OmniPoint
634,CoolerMaster CK350 (Outemu Brown),56.49 ,3,5.0,5,,,0,Outemu Brown
635,Motospeed K87S White (Kailh Blue),48.04 ,8,4.7,26,,,0,Kailh Blue
636,HyperX Alloy FPS Pro (Cherry MX Red),75.00 ,12,4.5,37,,,0,Cherry MX Red
637,Asus ROG Strix Flare,169.90 ,0,5.0,7,,,0,Key Lights
638,Armaggeddon MKA-2C Psychraven,25.70 ,13,5.0,2,,,0,Membrane
639,HyperX Alloy Core RGB,55.40 ,11,4.8,5,,,0,Membrane
640,Armaggeddon MKA-5R,35.00 ,5,4.8,5,,,0,Custom Blue
641,Spartan Gear Minotaur,19.98 ,10,4.5,13,,,0,Custom Mechanical
642,Dell Alienware Pro Gaming Keyboard AW768,107.16 ,10,4.8,6,,,0,Kailh Brown
643,SteelSeries Apex 5,132.90 ,12,5.0,2,,,0,SteelSeries Hybrid Mechanical
644,Motospeed CK888 (Outemu Red),47.99 ,4,4.4,82,,,0,Outemu Red
645,ADX Firepower A01,24.90 ,0,5.0,4,,,0,Membrane
646,Orzly Hornet RX250 Essential Pack,36.90 ,0,4.8,5,,,0,Membrane
647,Motospeed K27 (Outemu Red),20.64 ,6,4.7,7,,,0,Outemu Red
648,Motospeed K87S White (Kailh Red),47.75 ,7,4.7,26,,,0,Kailh Red
649,Trust GXT 865 Asta,49.69 ,13,5.0,3,,,0,GTX Red
650,Spirit of Gamer Pro K5,19.20 ,14,4.7,7,,,0,Membrane
651,NOD Silver Sky,22.90 ,6,4.6,16,,,0,Membrane
652,Logitech G513 Carbon (GX Blue),179.90 ,4,4.5,24,,,0,GX Blue
653,Razer Cynosa Chroma,79.00 ,5,4.4,65,,,0,Membrane
654,Natec Tornado,34.68 ,2,5.0,4,,,0,Custom Blue
655,Motospeed CK104 Orion Special Edition RGB Silver (Outemu Red),37.30 ,6,5.0,3,,,0,Outemu Red
656,Philips SPK8403,56.00 ,0,4.7,11,,,0,Custom Blue
657,Sharkoon Skiller Mech SGK3 (Kailh Brown),64.37 ,11,4.9,15,,,0,Kailh Brown
658,Spartan Gear Cyclops,34.98 ,11,4.4,13,,,0,Outemu Blue
659,Logitech G Pro,127.58 ,18,4.2,25,,,0,GX Blue
660,Corsair K63 Wireless,169.00 ,2,5.0,4,,,0,Cherry MX Red
661,HyperX Alloy Elite RGB (Cherry MX Red),127.90 ,4,4.8,6,,,0,Cherry MX Red
662,Dell Alienware Mechanical AW310K Dark side of the moon,79.00 ,19,5.0,1,,,0,Cherry MX Red
663,A4Tech Bloody B930 (LK Libra Brown),59.99 ,3,5.0,4,,,0,LK Libra Brown
664,Redragon S101-BA,99.90 ,0,5.0,5,,,0,Membrane
665,Motospeed CK103 Black (Outemu Blue),41.70 ,9,4.8,45,,,2,Outemu Blue
666,Motospeed CK62 RGB Black (Outemu Red),50.37 ,8,4.4,27,,,2,Outemu Red
667,Trust GXT 830-RW Avonn,18.00 ,16,4.7,6,,,2,Membrane
668,Logitech G613,99.98 ,16,4.4,8,,,0,Romer-G Tactile
669,Patriot Viper V760,96.60 ,6,5.0,6,,,0,Kailh Brown
670,Motospeed CK888 Silver (Outemu Blue),46.70 ,9,4.4,82,,,0,Outemu Blue
671,FanTech K613L,24.80 ,0,5.0,3,,,0,Membrane
672,Xtrike Me GK-980,24.80 ,2,5.0,2,,,0,Key Lights
673,Corsair K65 Lux RGB,187.00 ,0,5.0,7,,,0,Cherry MX Red
674,Motospeed K95 (Outemu Blue),29.79 ,11,4.1,7,,,0,Outemu Blue
675,CoolerMaster CK530 (Gateron Red),79.79 ,4,5.0,3,,,0,Gateron Red
676,Dell Alienware AW510K Dark Side of the Moon,129.90 ,16,5.0,1,,,0,Cherry MX Red Low Profile
677,Corsair K65 RGB Rapidfire,145.00 ,3,5.0,5,,,0,Cherry MX Speed
678,Fury Thunderstreak 4W1,24.00 ,9,4.2,51,,,0,Key Lights
679,Spirit of Gamer Xpert G700,69.50 ,3,5.0,2,,,0,Custom Blue
680,Redragon Visnu RGB,48.50 ,2,5.0,4,,,0,Custom Blue
681,Motospeed CK103 Side Laser (Outemu Blue),54.85 ,6,5.0,2,,,0,Outemu Blue
682,Motospeed CK98,69.08 ,9,5.0,3,,,0,Kailh Box White
683,Motospeed GK82 Pink (Outemu Red),45.00 ,5,5.0,4,,,0,Outemu Red
684,Corsair K95 RGB Platinum Black (Cherry MX Brown),229.00 ,2,4.6,18,,,0,Cherry MX Brown
685,Razer Tartarus Pro Black,128.50 ,19,4.5,4,,,0,Razer Analog Optical
686,Corsair K70 RGB MK.2 (Cherry MX Brown),176.50 ,3,4.9,15,,,0,Cherry MX Brown
687,CoolerMaster Devastator III RGB,33.99 ,7,4.2,50,,,0,Membrane
688,Roccat Vulcan 120 Aimo,219.00 ,0,5.0,3,,,0,Titan Tactile
689,Spartan Gear Centaur,15.88 ,9,4.4,8,,,0,Membrane
690,Motospeed GK82 (Outemu Brown),47.00 ,2,5.0,4,,,0,Outemu Brown
691,Razer BlackWidow Ultimate Water Resistant,119.00 ,0,4.6,11,,,0,Key Lights
692,Logitech G513 Carbon (Romer-G Tactile),139.00 ,8,4.5,24,,,0,Romer-G Tactile
693,Motospeed CK61 (Outemu Red),41.69 ,9,4.4,28,,,0,Outemu Red
694,Sades K13 Sickle (Kailh Red),54.73 ,38,4.0,1,,,0,Kailh Red
695,Cougar Vantar,55.00 ,0,4.8,5,,,0,Membrane
696,Patriot Viper 770,108.50 ,9,4.5,10,,,0,Kailh Red
697,HyperX Alloy FPS (Cherry MX Blue),89.90 ,0,4.6,25,,,0,Cherry MX Blue
698,Corsair K70 RGB MK.2 Low Profile RAPIDFIRE (Cherry MX Speed),134.00 ,22,4.0,1,,,0,Cherry MX Speed
699,Redragon Kala RGB LED,48.10 ,3,4.8,6,,,0,Custom Blue
700,Corsair K70 Lux (Cherry MX Brown),170.00 ,0,4.6,28,,,0,Cherry MX Brown
701,CoolerMaster MS110,48.91 ,5,3.9,17,,,0,Membrane
702,HyperX Alloy FPS (Cherry MX Red),100.61 ,0,4.6,25,,,0,Cherry MX Red
703,Genesis Thor 300 TKL (Outemu Blue),39.90 ,2,5.0,2,,,0,Outemu Blue
704,Motospeed CK87s White (Outemu Red),53.00 ,0,5.0,2,,,0,Outemu Red
705,Trust GXT 860,39.49 ,13,4.7,3,,,0,Membrane
706,Zeroground KB-1600GUMS,18.90 ,34,3.4,24,,,0,Membrane
707,HyperX Alloy Origins,115.99 ,10,5.0,8,,,0,HyperX Aqua
708,Genesis Rhod 400 RGB,22.40 ,3,4.6,9,,,0,Membrane
709,CoolerMaster SK621,218.36 ,0,5.0,2,,,0,Cherry MX Red Low Profile
710,Razer Huntsman Mini (Razer Clicky),119.90 ,4,5.0,1,,,0,Razer Clicky
711,Motospeed CK62 RGB Black (Outemu Blue),44.38 ,15,4.4,27,,,2,Outemu Blue
712,Motospeed CK80 Silver (Silver Switches),55.00 ,10,5.0,2,,,2,Custom Silver
713,Motospeed CK62 RGB White (Outemu Blue),40.00 ,6,4.4,27,,,2,Outemu Blue
714,Razer Huntsman Quartz Pink,163.90 ,13,4.5,27,,,3,Razer Clicky
715,Armaggeddon MKO 13R Enterprise Black,63.00 ,12,5.0,1,,,2,Custom Mechanical
716,Spirit of Gamer Elite K10,22.60 ,11,5.0,2,,,0,Membrane
717,Razer BlackWidow Ultimate 2016,179.90 ,0,4.5,81,,,0,Razer Green
718,Cougar Deathfire EX,50.00 ,2,4.8,5,,,0,Membrane
719,Corsair K63,99.99 ,2,5.0,3,,,0,Cherry MX Red
720,White Shark Samurai,24.20 ,15,4.3,6,,,0,Membrane
721,Trust GXT 1180RW,36.99 ,15,3.9,11,,,0,Membrane
722,Sades Frost Staff,65.10 ,35,0.0,0,,,0,LK Blue
723,HP Omen 1100,69.90 ,17,5.0,1,,,0,Custom Mechanical
724,A4Tech Bloody B2500,45.40 ,36,3.0,1,,,0,Membrane
725,Trust GXT 856 Torac,23.80 ,8,4.5,2,,,0,Membrane
726,HyperX Alloy FPS Pro (Cherry MX Blue),78.10 ,7,4.5,37,,,0,Cherry MX Blue
727,iMice AK-400 Black,18.41 ,8,5.0,1,,,0,No Info
728,Motospeed CK99 RGB (Cherry MX Red),75.34 ,9,5.0,1,,,0,Cherry MX Red
729,Sharkoon Skiller SGK4,36.90 ,3,5.0,2,,,0,Membrane
730,Canyon Argama Gaming Set,72.80 ,7,5.0,1,,,0,Keyboard and Mouse Set
731,Powertech Roar PT-184,19.00 ,16,5.0,2,,,0,Membrane
732,Roccat Isku+ Force FX,65.41 ,6,5.0,2,,,0,Membrane
733,Motospeed K70L,14.00 ,5,5.0,1,,,0,Key Lights
734,Corsair K70 Lux RGB (Cherry MX Red),161.49 ,0,4.4,48,,,0,Cherry MX Red
735,Logitech G915 Lightspeed (GL Clicky),229.90 ,7,5.0,5,,,0,GL Clicky
736,Patriot Viper 730,54.50 ,5,4.4,16,,,0,Kailh Brown
737,A4Tech Bloody B975 (LK Libra Orange),60.06 ,9,5.0,1,,,0,LK Libra Orange
738,Genesis Thor 300 TKL (Outemu Red),55.00 ,0,4.4,17,,,0,Outemu Red
739,Motospeed CK104 Orion Special Edition RGB Silver (Outemu Blue),37.30 ,5,5.0,3,,,0,Outemu Blue
740,Asus ROG Claymore Core with Numpad,189.90 ,4,4.5,10,,,0,Cherry MX Brown
741,Spartan Gear Lochos (Xinda Blue),27.80 ,3,5.0,1,,,0,Xinda Blue
742,Xtrike Me GK-979 (Custom Blue),23.29 ,3,4.5,2,,,0,Custom Blue
743,Armaggeddon MKA-17 ProGaming,79.40 ,12,4.0,3,,,0,Custom Blue
744,Lamtech LAM021325,11.00 ,9,3.8,5,,,0,Key Lights
745,Armaggeddon AK-999 SFX,18.90 ,12,4.5,2,,,0,Membrane
746,Logitech G815 Lightsync RGB (GL Clicky),179.90 ,6,5.0,1,,,0,GL Clicky
747,Savio Tempest RX Green (Outemu Brown),28.38 ,2,5.0,1,,,0,Outemu Brown
748,Asus Sagaris GK1100,96.60 ,4,5.0,2,,,0,Custom Mechanical
749,Redragon K556 RGB,54.01 ,0,5.0,2,,,0,Custom Brown
750,Genesis Thor 200 RGB,33.21 ,9,4.0,7,,,0,Custom Mechanical
751,Razer Ornata V2,99.40 ,18,0.0,0,,,0,Key Lights
752,Nedis Single-Handed,31.55 ,23,0.0,0,,,0,Membrane
753,Motospeed K83 (Outemu Blue),33.52 ,11,3.7,29,,,0,Outemu Blue
754,Razer Tartarus v2,70.36 ,24,3.6,5,,,0,Membrane
755,Sades SA-D10,38.53 ,22,0.0,0,,,0,Key Lights
756,Motospeed K27 (Outemu Blue),20.64 ,3,4.7,7,,,0,Outemu Blue
757,Redragon Anala K558,55.00 ,0,5.0,2,,,0,Outemu Blue
758,CMK-188 Rainbow,14.33 ,4,3.9,10,,,0,Membrane
759,Sharkoon Skiller SGK5,38.56 ,3,5.0,1,,,0,Membrane
760,FanTech Pantheon MK871 Tournament Edition,64.00 ,2,5.0,2,,,0,Kailh Blue
761,Motospeed K24,19.00 ,0,5.0,1,,,0,Outemu Blue
762,Motospeed Inflictor CK104 RGB Silver (Outemu Brown),35.22 ,11,4.7,914,,,2,Outemu Brown
763,Motospeed CK89 Black (Kaili Box White),61.52 ,7,5.0,2,,,2,Kailh Box White
764,Marvo KG959G,44.64 ,5,5.0,1,,,0,Outemu Blue
765,Creative Sound Blaster X Vanguard K08,99.00 ,0,4.3,18,,,0,Press
766,Sharkoon PureWriter TKL RGB,77.98 ,3,5.0,1,,,0,Kailh Blue
767,Hori Tactical Assault Commander Pro M2,126.81 ,5,5.0,1,,,0,Custom Mechanical
768,Marvo CM303,47.90 ,2,5.0,1,,,0,Membrane
769,CoolerMaster SK650,144.89 ,4,5.0,1,,,0,Cherry MX Red Low Profile
770,Asus TUF Gaming Combo,132.59 ,0,5.0,1,,,0,Membrane
771,Esperanza Illuminated EK133,9.64 ,5,5.0,1,,,0,Membrane
772,Esperanza Illuminated Hunter,13.60 ,9,4.5,2,,,0,Membrane
773,Cougar Aurora,38.00 ,1,5.0,1,,,0,Membrane
774,A4Tech Bloody B930 (LK Libra Orange),55.17 ,2,5.0,4,,,0,LK Libra Orange
775,Weibo WB-570,15.60 ,2,4.5,2,,,0,Key Lights
776,Roccat Vulcan 121 Aimo,187.90 ,4,5.0,1,,,0,Custom Mechanical
777,Logitech G915 Lightspeed (GL Linear),260.00 ,2,5.0,5,,,0,GL Linear
778,Corsair K57 RGB,169.90 ,0,5.0,1,,,0,Membrane
779,Zeroground KB-2200G Shoyen,20.90 ,5,4.5,4,,,0,Membrane
780,Gamesir GK100,44.90 ,0,4.4,5,,,0,Custom Blue
781,HAMA uRAGE Illumination 2in1,17.65 ,0,5.0,1,,,0,Membrane
782,Zeroground KB-2100G Soki,15.90 ,7,4.0,26,,,0,Membrane
783,Tracer Commando,18.50 ,6,4.7,3,,,0,Membrane
784,LogiLink Illuminated one-hand gaming keyboard,19.00 ,1,5.0,1,,,0,Key Lights
785,ADX Firefight ADXOK0119,44.90 ,0,5.0,1,,,0,Custom Mechanical
786,Sharkoon Skiller Mech SGK3 (Kailh Blue),63.00 ,1,5.0,1,,,0,Kailh Blue
787,ADX ADXA0419,39.90 ,0,5.0,1,,,0,Membrane
788,Motospeed CK61 (Kailh Short),59.90 ,0,4.4,28,,,0,Kailh Short
789,Tracer Battle Heroes Shinook USB,14.85 ,3,4.8,4,,,0,Membrane
790,Razer Blackwidow Lite Stormtrooper Edition,94.68 ,2,5.0,1,,,0,Razer Orange
791,Redragon K505 RGB LED Backlit,28.00 ,3,5.0,1,,,0,Full Size
792,Gamdias Hermes P2,77.90 ,2,5.0,1,,,0,Gamdias
793,CoolerMaster CK550 (Gateron Blue),90.37 ,0,4.5,23,,,0,Gateron Blue
794,Zeroground KB-1800GUHMS,28.99 ,9,3.7,16,,,0,Membrane
795,Azio Mk Retro,159.00 ,0,5.0,2,,,0,Custom Blue
796,Razer Blackwidow Ultimate 2017,114.00 ,0,4.5,2,,,0,Key Lights
797,Redragon Visnu R,38.00 ,0,4.5,2,,,0,Custom Mechanical
798,Roccat Vulcan 100 Aimo,179.00 ,2,5.0,1,,,0,Titan Tactile
799,Rebeltec Patrol,10.90 ,5,4.5,2,,,0,Membrane
800,Omega OK-26 M-Dia,5.95 ,4,4.3,3,,,0,Membrane
801,A4Tech Bloody B820R,58.90 ,4,5.0,1,,,0,LK Blue
802,Gembird KB-UML-01,15.10 ,5,4.0,6,,,0,Membrane
803,Roccat Suora FX,149.00 ,0,5.0,2,,,0,Custom Mechanical
804,A4Tech Bloody B314,30.52 ,2,4.7,3,,,0,Custom Mechanical
805,Gamesir VX AimSwitch,119.90 ,0,5.0,1,,,0,Custom Blue
806,Redragon Aryaman K569,68.00 ,0,5.0,1,,,0,Outemu Blue
807,A4Tech Bloody B975 (LK Libra Brown),77.90 ,20,5.0,1,,,0,LK Libra Brown
808,Logitech G910 Orion Spectrum,125.00 ,4,4.1,24,,,0,Romer-G Tactile
809,Motospeed K82 Pink (Outemu Red),44.00 ,5,4.8,12,,,2,Outemu Red
810,Gembird KB-UML3-01,8.72 ,10,3.8,6,,,2,Membrane
811,Motospeed CK101 White (Outemu Blue),39.60 ,7,4.0,22,,,2,Outemu Blue
812,MSI GK-701,119.00 ,2,5.0,2,,,0,Cherry MX Brown
813,Trust GXT 890,67.00 ,3,4.0,21,,,0,Outemu Red
814,SteelSeries Apex 3,78.90 ,15,0.0,0,,,0,Membrane
815,Dell Alienware AW510K Lunar Light,134.37 ,14,0.0,0,,,0,Cherry MX Red Low Profile
816,Redragon K576-R,46.90 ,0,4.3,3,,,0,Custom Blue
817,A4Tech Bloody B860,59.90 ,5,5.0,1,,,0,LK Blue
818,Hori Tactical Assault Commander New Tac 4,99.64 ,10,4.5,2,,,0,Custom Mechanical
819,A4Tech Bloody B2278,29.90 ,2,4.2,5,,,0,Custom Mechanical
820,Motospeed CK95,37.00 ,2,4.2,5,,,0,Outemu Blue
821,Weibo WB-539,17.99 ,5,5.0,1,,,0,Membrane
822,CoolerMaster MasterKeys MK750,129.00 ,4,5.0,1,,,0,Cherry MX Brown
823,HP Pavilion Gaming Keyboard 500,43.67 ,17,3.0,3,,,0,Custom Red
824,Trust GXT 850 Metal,39.90 ,0,4.7,3,,,0,Key Lights
825,Redragon Yaksa,42.00 ,0,4.7,3,,,0,Key Lights
826,Cougar Puri TKL (Cherry MX White),80.90 ,1,5.0,1,,,0,Cherry MX White
827,Sharkoon PureWriter RGB (Kailh Red),79.12 ,4,4.5,2,,,0,Kailh Red
828,Sound Friend SF-K003,8.90 ,0,5.0,2,,,0,Membrane
829,Armaggeddon Psych Raven,37.80 ,14,3.0,1,,,0,Custom Blue
830,SteelSeries Apex 150,69.00 ,3,4.1,7,,,0,Membrane
831,SteelSeries Apex 7 TKL (Steelseries Red),149.90 ,10,4.0,1,,,0,SteelSeries Red
832,A4Tech B3370R,34.49 ,0,4.0,1,,,0,Custom Mechanical
833,SilentiumPC GK530 Tournament (Kailh Blue),51.00 ,0,0.0,0,,,0,Kailh Blue
834,Redragon Yama,86.00 ,0,5.0,7,,,0,Custom Brown
835,Razer Cynosa Lite & Abyssus Lite Bundle,75.00 ,0,4.0,3,,,0,Key Lights
836,Zeroground KB-1500GUMS,35.00 ,0,4.1,70,,,0,Key Lights
837,Havit KB435L,49.00 ,4,4.0,2,,,0,Custom Mechanical
838,Motospeed CK666,42.19 ,10,3.8,18,,,0,Outemu Blue
839,Spirit of Gamer Pro Gaming Pack 3 in 1,30.70 ,15,0.0,0,,,0,Membrane
840,Sandberg Hailstorm Mech Keyboard Uk,81.58 ,5,5.0,1,,,0,Outemu Blue
841,Spirit of Gamer CLA-XK500,44.50 ,14,0.0,0,,,0,Custom Mechanical
842,Motospeed K83 (Outemu Red),32.68 ,11,3.7,29,,,0,Outemu Red
843,Q-801,17.77 ,14,3.5,2,,,0,Membrane
844,CoolerMaster Suppressor,39.80 ,1,4.3,24,,,0,Membrane
845,Fury Spitfire RGB,13.29 ,6,4.5,2,,,0,Membrane
846,Corsair K83 Wireless Entertainment,102.90 ,13,0.0,0,,,0,Membrane
847,Armaggeddon AK-666SFX,17.50 ,10,4.0,2,,,0,Membrane
848,Genesis RHOD 110,8.99 ,3,5.0,1,,,0,Membrane
849,Motospeed GK89 Black (Outemu Black),45.00 ,6,4.0,1,,,0,Outemu Black
850,Natec Hellfire 2,8.46 ,10,0.0,0,,,0,Membrane
851,Marvo KG929,19.90 ,2,5.0,1,,,0,Membrane
852,Rebeltec Maximus,15.40 ,8,4.3,4,,,0,Membrane
853,A4Tech B120,33.90 ,1,5.0,2,,,0,Membrane
854,Armaggeddon AK-566i,35.00 ,2,4.4,5,,,0,Membrane
855,Motospeed K96 Camo (Outemu Blue),49.02 ,13,4.4,24,,,2,Outemu Blue
856,Motospeed K82 Pink (Outemu Blue),43.66 ,12,4.8,12,,,2,Outemu Blue
857,Motospeed Inflictor CK104 RGB Red (Outemu Black),33.10 ,9,4.7,914,,,2,Outemu Black
858,Motospeed CK101 White (Outemu Red),40.00 ,6,4.0,22,,,2,Outemu Red
859,Motospeed CK101 Black (Outemu Blue),39.00 ,8,4.0,22,,,2,Outemu Blue
860,Rebeltec Interceptor,19.50 ,7,4.0,2,,,0,Membrane
861,White Shark Viking 2,14.11 ,11,0.0,0,,,0,Membrane
862,Lamtech LAM021226,11.04 ,8,0.0,0,,,0,Key Lights
863,SteelSeries Apex 100,49.90 ,0,4.4,5,,,0,Membrane
864,Defender Xenda Combo MKP-008,25.15 ,9,0.0,0,,,0,Membrane
865,Genius K5,14.00 ,13,4.2,5,,,0,Membrane
866,Razer DeathStalker Essential (US),44.90 ,4,4.5,11,,,0,Membrane
867,Genesis RHOD 420 RGB,22.46 ,3,3.8,5,,,0,Membrane
868,Marvo CM370,29.50 ,4,3.8,4,,,0,Membrane
869,Element KB-1000G,15.90 ,10,3.9,48,,,0,Membrane
870,Rebeltec Fighter,27.78 ,7,5.0,1,,,0,Key Lights
871,Logic LK-21,4.66 ,2,4.7,3,,,0,Full Size
872,Trust GXT 845 Tural,40.00 ,0,4.3,3,,,0,Key Lights
873,Redragon Vara RGB,55.00 ,0,5.0,1,,,0,Custom Blue
874,Trust Rgb Wired Keyboard Black,22.80 ,8,0.0,0,,,0,Key Lights
875,CoolerMaster MasterKeys Pro L RGB (Cherry MX Red),175.00 ,1,4.4,5,,,0,Cherry MX Red
876,Omega Varr RGB,12.00 ,7,3.0,1,,,0,Membrane
877,HP Pavilion Gaming Keyboard 800,66.35 ,10,0.0,0,,,0,Custom Mechanical
878,Razer Cynosa V2,68.50 ,6,0.0,0,,,0,Key Lights
879,iMice AK-700,18.99 ,13,0.0,0,,,0,Membrane
880,SteelSeries Apex 7,159.98 ,11,3.0,2,,,0,SteelSeries Red
881,iMice AN-300-X7,18.96 ,3,4.0,1,,,0,Key Lights
882,Spirit of Gamer Single Hand,39.90 ,11,0.0,0,,,0,Custom Mechanical
883,iMice AK-200,17.60 ,8,0.0,0,,,0,Key Lights
884,Fury Typhoon,4.56 ,0,5.0,1,,,0,Key Lights
885,Motospeed K96 CamoGreen (Outemu Black),39.52 ,7,4.4,24,,,0,Outemu Black
886,Zeroground Taigen KB-2000G,71.99 ,2,4.2,10,,,0,Custom Mechanical
887,Defender Killing Storm Combo MKP-013L,34.75 ,7,0.0,0,,,0,Membrane
888,Motospeed K96 Black (Red Switches),42.82 ,8,4.4,24,,,0,Custom Red
889,Havit HV-KB675CM,49.00 ,5,3.5,2,,,0,Key Lights
890,Motospeed K22 (Outemu Blue),16.69 ,8,0.0,0,,,0,Outemu Blue
891,HyperX Alloy Origins Core Mechanical Gaming Keyboard (HyperX Aqua),109.99 ,0,4.0,1,,,0,HyperX Aqua
892,HyperX Alloy Origins (HyperX Red),109.00 ,6,5.0,8,,,0,HyperX Red
893,Defender GK-170L,34.99 ,8,0.0,0,,,0,Custom Mechanical
894,Canyon Nightflyer Gaming Set,65.00 ,6,0.0,0,,,0,Key Lights
895,Defender GK-150DL,26.27 ,8,0.0,0,,,0,Membrane
896,Armaggeddon AK-300X,9.71 ,12,0.0,0,,,0,Membrane
897,Canyon Leonof Gaming Set Black/Orange,39.99 ,6,0.0,0,,,0,Key Lights
898,Canyon Fobos Black-Orange,21.90 ,7,0.0,0,,,0,Key Lights
899,SpeedLink Ultor Illuminated,92.70 ,3,5.0,1,,,0,Kailh Red
900,HP Encoder (Cherry MX Red),123.00 ,8,0.0,0,,,0,Cherry MX Red
901,Havit HV-KB500L,15.20 ,4,0.0,0,,,0,Membrane
902,Asus Cerberus MK II,39.99 ,0,5.0,1,,,0,Key Lights
903,Armaggeddon MKO 13R Enterprise White,69.24 ,8,5.0,1,,,2,Custom Mechanical
904,Motospeed K82 Black (Outemu Red),37.97 ,7,4.8,12,,,2,Outemu Red
905,Motospeed CK101 Black (Outemu Red),39.00 ,7,4.0,22,,,2,Outemu Red
906,Motospeed Inflictor CK104 RGB Red (Outemu Brown),35.89 ,7,4.7,914,,,2,Outemu Brown
907,Esperanza Shadow Red,7.23 ,7,0.0,0,,,2,Membrane
908,Ducky One 2 RGB TKL (Cherry MX Red),169.90 ,2,0.0,0,,,0,Cherry MX Red
909,CoolerMaster MasterSet MS120 RGB,66.75 ,0,4.0,7,,,0,Key Lights
910,Logitech G815 Lightsync RGB (GL Tactile),179.90 ,7,5.0,1,,,0,GL Tactile
911,Esperanza NINJA,9.30 ,3,4.0,1,,,0,Full Size
912,Motospeed K96 CamoOrange (Outemu Brown),42.18 ,6,4.4,24,,,0,Outemu Brown
913,iMice MK-X80 (Custom Blue),54.43 ,6,0.0,0,,,0,Custom Blue
914,Baseus Gamo,34.90 ,6,0.0,0,,,0,Custom Mechanical
915,Canyon Nightfall Black-Gray,51.99 ,5,0.0,0,,,0,Key Lights
916,Canyon Hazard,39.99 ,5,0.0,0,,,0,Key Lights
917,Corsair Strafe RGB MK.2 Mechanical,159.00 ,3,4.0,2,,,0,Cherry MX Silent Red
918,HP Encoder (Cherry MX Brown),123.00 ,7,0.0,0,,,0,Cherry MX Brown
919,Havit HV-KB492L,45.00 ,6,0.0,0,,,0,Custom Mechanical
920,Havit HV-KB488L,19.90 ,3,0.0,0,,,0,Membrane
921,Motospeed Κ23,19.90 ,2,4.0,3,,,0,Kailh Box White
922,Motospeed CK888 (Outemu Green),46.70 ,5,4.4,82,,,0,Outemu Green
923,Havit HV-KB432L,55.00 ,6,0.0,0,,,0,Outemu Blue
924,Redragon Vata K580,61.00 ,0,4.0,2,,,0,Outemu Blue
925,Xtrike Me KB-505,10.90 ,7,0.0,0,,,0,Membrane
926,Natec Fury Typhoon,7.80 ,4,0.0,0,,,0,Membrane
927,SteelSeries Apex M750,109.99 ,6,3.7,9,,,0,SteelSeries QX2
928,Motospeed CK104 Orion Special Edition Red (Outemu Red),37.00 ,5,4.9,13,,,0,Outemu Red
929,Motospeed CK99 RGB (Outemu Blue),57.89 ,7,5.0,1,,,0,Outemu Blue
930,Spirit of Gamer Antighosting 4,18.54 ,8,0.0,0,,,0,Membrane
931,White Shark Cherokee,21.50 ,2,4.0,1,,,0,Membrane
932,Zalman ZM-K900M,93.90 ,1,5.0,1,,,0,Kailh Blue
933,Motospeed CK88 (Outemu Black),58.30 ,6,4.0,1,,,0,Outemu Black
934,Sharkoon PureWriter RGB (Kailh Blue),76.10 ,6,4.5,2,,,0,Kailh Blue
935,Rebeltec Oppressor,11.16 ,2,3.7,3,,,0,Membrane
936,CoolerMaster MasterKeys MK850,189.91 ,3,3.7,3,,,0,Cherry MX Red
937,Motospeed CK99 RGB (LK Libra Orange),55.33 ,5,5.0,1,,,0,LK Libra Orange
938,Ducky One 2 RGB TKL (Cherry MX Brown),169.00 ,2,0.0,0,,,0,Cherry MX Brown
939,Motospeed CK103 Side Laser (Outemu Red),52.04 ,6,5.0,2,,,0,Outemu Red
940,Xtrike Me CM-404,29.90 ,5,0.0,0,,,0,Membrane
941,Corsair K70 Lux (Cherry MX Red),175.00 ,0,4.6,28,,,0,Cherry MX Red
942,Esperanza Tirions Green,5.95 ,8,0.0,0,,,0,Membrane
943,Motospeed GK82 Pink (Outemu Blue),45.00 ,5,5.0,4,,,0,Outemu Blue
944,Weibo FC-536,8.00 ,3,0.0,0,,,0,Full Size
945,iMice AK-800,16.24 ,4,0.0,0,,,0,Key Lights
946,Motospeed GK82 (Outemu Black),46.24 ,4,5.0,4,,,0,Outemu Black
947,Havit KB462L,65.00 ,5,0.0,0,,,0,Custom Mechanical
948,Corsair 3-in-1 Gaming Bundle,97.50 ,3,3.0,2,,,0,Membrane
949,Ducky One 2 RGB (Cherry MX Brown),159.90 ,2,0.0,0,,,0,Cherry MX Brown
950,Redragon Asura Black,25.90 ,5,4.3,4,,,2,Membrane
951,Roccat Isku FX White,65.69 ,5,4.3,3,,,2,Membrane
952,Motospeed CK80 Black (Custom Gold),57.02 ,3,5.0,2,,,2,Custom Gold
953,Motospeed K96 CamoOrange (Outemu Red),42.18 ,5,4.4,24,,,2,Outemu Red
954,Trust GXT 830-RW Avonn Camo,20.90 ,6,4.7,6,,,2,Membrane
955,Xtrike Me KB-705 Black,16.80 ,3,0.0,0,,,2,Membrane
956,Havit HV-KB486L,25.00 ,4,0.0,0,,,0,Membrane
957,Ducky One 2 RGB TKL (Cherry MX Blue),169.90 ,0,0.0,0,,,0,Cherry MX Blue
958,Ducky One 2 RGB TKL (Cherry MX Silver),169.90 ,0,0.0,0,,,0,Cherry MX Silver
959,Ducky One 2 SF (Cherry MX Blue),149.90 ,0,0.0,0,,,0,Cherry MX Blue
960,Ducky One 2 SF (Cherry MX Silent Red),149.90 ,0,0.0,0,,,0,Cherry MX Silent Red
961,Ducky One 2 Mini RGB (Cherry MX Silent Red),144.90 ,0,0.0,0,,,0,Cherry MX Silent Red
962,Savio Tempest RX Blue (Outemu Blue),28.38 ,2,0.0,0,,,0,Outemu Blue
963,White Shark Gladiator 2,19.99 ,0,0.0,0,,,0,Membrane
964,White Shark Legionnaire (Outemu Blue),47.99 ,0,0.0,0,,,0,Outemu Blue
965,Marvo KG922,29.90 ,0,4.0,4,,,0,Custom Mechanical
966,iMice AK-600,14.85 ,8,0.0,0,,,0,Membrane
967,HyperX HyperX Alloy Elite 2 (HyperX Red),159.99 ,0,0.0,0,,,0,HyperX Red
968,Remax XII-J590,48.90 ,7,0.0,0,,,0,Membrane
969,Remax XII-J588,44.40 ,7,0.0,0,,,0,Custom Mechanical
970,Remax XII-J599,53.20 ,7,0.0,0,,,0,Custom Mechanical
971,MSI Vigor GK50 Low Profile (Kailh Box White),92.00 ,2,0.0,0,,,0,Kailh Box White
972,Logic LC-STARR-TWO,12.65 ,2,0.0,0,,,0,Key Lights
973,Cougar 700K,179.00 ,0,5.0,1,,,0,Cherry MX Red
974,Spartan Gear Chimera,17.98 ,11,3.2,5,,,0,Membrane
975,Logitech G915 TKL (GL Tactile),229.00 ,0,0.0,0,,,0,GL Tactile
976,Andowl Q-803,23.99 ,6,0.0,0,,,0,Membrane
977,Modecom MC-5008,14.44 ,2,0.0,0,,,0,Key Lights
978,Trust GXT 870,59.98 ,2,4.0,5,,,0,GTX White
979,Weibo WB-580,16.69 ,4,0.0,0,,,0,Key Lights
980,CoolerMaster CK530 (Gateron Brown),85.54 ,3,5.0,3,,,0,Gateron Brown
981,Xtrike Me GK-907,45.00 ,5,0.0,0,,,0,Membrane
982,Marvo KG909,37.30 ,5,0.0,0,,,0,Outemu Blue
983,CoolerMaster Devastator 3 Plus,49.90 ,0,0.0,0,,,0,Key Lights
984,FanTech Fighter K611,18.00 ,7,3.6,7,,,0,Membrane
985,iMice KM-680,17.60 ,0,0.0,0,,,0,Key Lights
986,Genesis Thor 420 RGB (Custom Blue),52.23 ,1,0.0,0,,,0,Custom Blue
987,Esperanza Aspis,4.66 ,1,0.0,0,,,0,Membrane
988,Logitech G513 Carbon (Romer-G Linear),139.00 ,0,4.5,24,,,0,Romer-G Linear
989,Omega Varr VMK3BK11,39.85 ,7,0.0,0,,,0,Jixian Blue
990,Cougar Vantar MX (Custom Red),46.27 ,1,0.0,0,,,0,Custom Red
991,Docooler HXSJ V100,45.90 ,0,0.0,0,,,0,Membrane
992,Motospeed GK81 (Custom Blue),62.90 ,0,0.0,0,,,0,Custom Blue
993,Motospeed K96 Grey (Zeus Optical),38.99 ,3,4.4,24,,,0,Zeus Optical
994,Lenovo Legion K500 RGB,115.90 ,4,0.0,0,,,0,Outemu Red
995,Havit KB-78162,12.90 ,14,4.0,1,,,0,Membrane
996,Havit G400V,14.89 ,7,4.5,2,,,0,Membrane
997,Esperanza Shadow Green,7.23 ,5,0.0,0,,,2,Membrane
998,Motospeed CK80 Silver (Custom Gold),49.00 ,6,5.0,2,,,2,Custom Gold
999,Redragon Asura White,26.00 ,3,4.3,4,,,2,Membrane
1000,Sbox K-15 Red,8.49 ,3,0.0,0,,,2,Membrane
1001,Corsair K95 RGB Platinum Black (Cherry MX Speed),198.00 ,4,4.6,18,,,2,Cherry MX Speed
1002,Gembird KB-UML3-01-W,9.15 ,8,3.8,6,,,2,Membrane
1003,Motospeed CK80 (Custom Silver),58.90 ,0,5.0,2,,,2,Custom Silver
1004,Sades K13 Sickle (Kailh Blue),39.90 ,4,4.0,1,,,0,Kailh Blue
1005,Logitech G915 TKL (GL Linear),229.00 ,0,0.0,0,,,0,GL Linear
1006,Logitech G915 TKL (GL Clicky),229.00 ,0,0.0,0,,,0,GL Clicky
1007,Turbo-X Nemesis N60 (Custom Blue),49.90 ,0,0.0,0,,,0,Custom Blue
1008,Glorious PC Gaming Race The GMMK TKL (Gateron Brown),129.99 ,0,0.0,0,,,0,Gateron Brown
1009,Gamesir VX2 AimSwitch (Custom Red),149.90 ,0,0.0,0,,,0,Custom Red
1010,Motospeed GK89 (Outemu Blue),53.61 ,3,4.0,1,,,0,Outemu Blue
1011,Active Jet K-6002,26.23 ,0,0.0,0,,,0,Key Lights
1012,Turbo-X Sirin II,29.90 ,0,0.0,0,,,0,Key Lights
1013,Aula F2058 (Black Switch),40.00 ,0,0.0,0,,,0,Custom Mechanical
1014,R-Horse FC-723,22.89 ,3,3.5,2,,,0,Membrane
1015,Motospeed K11 Green,26.23 ,3,0.0,0,,,0,Membrane
1016,Motospeed K95 (Outemu Red),29.79 ,3,4.1,7,,,0,Outemu Red
1017,Aula F2058 (Blue Switch),40.00 ,0,0.0,0,,,0,Custom Blue
1018,Aula S2016 (Blue Switch) Silver,35.00 ,0,0.0,0,,,0,Custom Blue
1019,QPAD MK40,59.90 ,0,0.0,0,,,0,Key Lights
1020,Blow KP-105,11.90 ,0,0.0,0,,,0,Full Size
1021,Zeroground K33,19.79 ,4,3.3,3,,,0,Membrane
1022,CoolerMaster CK350 (Outemu Red),67.22 ,3,5.0,5,,,0,Outemu Red
1023,Motospeed K95 (Outemu Black),29.79 ,3,4.1,7,,,0,Outemu Black
1024,Esperanza Tirions Blue,6.02 ,5,3.0,1,,,0,Key Lights
1025,Logitech G815 Lightsync RGB (GL Linear),213.30 ,0,5.0,1,,,0,GL Linear
1026,QPAD MK95 Pro,199.00 ,0,0.0,0,,,0,Key Lights
1027,MSI Vigor GK60,77.99 ,3,0.0,0,,,0,Cherry MX Red
1028,Esperanza Vortex,26.67 ,3,0.0,0,,,0,Custom Mechanical
1029,Corsair K70 RGB MK.2 SE White (Cherry MX Speed),225.00 ,0,3.0,1,,,0,Cherry MX Speed
1030,Trust GXT 285 Advanced,39.80 ,0,5.0,1,,,0,Membrane
1031,Tracer Ofis,5.26 ,2,0.0,0,,,0,Membrane
1032,Defender SM-950,13.90 ,0,0.0,0,,,0,Full Size
1033,Marvo KG914,35.50 ,0,0.0,0,,,0,Custom Blue
1034,Havit KB473L,99.00 ,3,0.0,0,,,0,Custom Mechanical
1035,Razer Huntsman Gears 5 Edition (Razer Clicky),119.00 ,0,0.0,0,,,0,Razer Clicky
1036,Aula Moon Slasher,20.39 ,3,0.0,0,,,0,Key Lights
1037,Krom Kuma,76.10 ,3,0.0,0,,,0,Key Lights
1038,Esperanza Kestrel,12.99 ,9,0.0,0,,,0,Membrane
1039,Motospeed CK88 (Outemu Red),79.47 ,0,4.0,1,,,0,Outemu Red
1040,Das KeyBoard 4 Ultimate (Cherry MX Blue),165.00 ,3,5.0,1,,,0,Cherry MX Blue
1041,Patriot Viper V765,90.57 ,3,0.0,0,,,0,Kailh Box Red
1042,CoolerMaster MasterKeys Pro L RGB (Cherry MX Brown),159.80 ,1,4.4,5,,,0,Cherry MX Brown
1043,Motospeed CK700 Pink (Zeus Optical),54.64 ,2,0.0,0,,,0,Zeus Optical
1044,Omega Varr RGB VMK88B,39.90 ,0,0.0,0,,,0,Xinda Blue
1045,Razer Blackwidow Chroma Tournament Edition v2 (Yellow Switches),139.00 ,0,0.0,0,,,0,Razer Yellow
1046,iMice AN-300,14.00 ,3,0.0,0,,,0,Membrane
1047,Roccat Vulcan 80,155.00 ,0,4.0,1,,,0,Titan Tactile
1048,Blow V3,24.90 ,2,0.0,0,,,0,Membrane
1049,Razer Huntsman Mercury,219.99 ,0,4.5,27,,,3,Razer Clicky
1050,Sbox K-15 Blue,8.49 ,3,0.0,0,,,2,Membrane
1051,Motospeed K96 White (Outemu Red),50.83 ,0,4.4,24,,,2,Outemu Red
1052,Omega VARR Neon,64.90 ,2,0.0,0,,,0,Jixian Blue
1053,Geeklin Mechanical Gaming Keyboard,78.86 ,2,0.0,0,,,0,Custom Mechanical
1054,Logitech G512 (GX Brown),119.90 ,0,0.0,0,,,0,GX Brown
1055,Xtrike Me CM-400,32.00 ,4,0.0,0,,,0,Membrane
1056,HyperX Alloy Elite RGB (Cherry MX Blue),124.84 ,2,5.0,4,,,0,Cherry MX Blue
1057,Yenkee Ambush Gaming Set,54.50 ,3,0.0,0,,,0,Membrane
1058,Corsair K95 RGB Platinum XT,272.00 ,0,3.0,2,,,0,Cherry MX Speed
1059,Sandberg RageStorm Mech,44.60 ,247,0.0,0,,,0,Outemu Blue
1060,Riotoro Ghostwriter Elite (Cherry MX Brown),150.00 ,0,0.0,0,,,0,Cherry MX Brown
1061,Logitech G512 (GX Red),119.90 ,2,0.0,0,,,0,GX Red
1062,Das KeyBoard Wired Prime 13,142.85 ,2,0.0,0,,,0,Cherry MX Brown
1063,CoolerMaster SK630,124.91 ,4,0.0,0,,,0,Cherry MX Red Low Profile
1064,Gembird KBS-WMG-01,20.60 ,4,4.0,3,,,0,Membrane
1065,Modecom Volcano Hammer RGB (Outemu Red),23.00 ,4,0.0,0,,,0,Outemu Red
1066,Tracer Gamezone Lightray,10.52 ,4,0.0,0,,,0,Membrane
1067,Remax XII-J566,47.40 ,9,0.0,0,,,0,Custom Mechanical
1068,Genius Scorpion K220,20.00 ,0,0.0,0,,,0,Membrane
1069,Motospeed K96 Black (MS Brown Switches),49.85 ,0,4.4,24,,,0,Key Lights
1070,Gamdias Ares P1,28.99 ,4,0.0,0,,,0,Membrane
1071,Tronsmart TK09R RGB,69.01 ,0,4.0,1,,,0,Outemu Blue
1072,Natec Cobalt 300,55.00 ,0,0.0,0,,,0,Key Lights
1073,Redragon S108,55.00 ,0,0.0,0,,,0,Key Lights
1074,White Shark Gladiator,17.60 ,11,0.0,0,,,0,Membrane
1075,Motospeed CK88 (Outemu Blue),58.70 ,5,4.0,1,,,0,Outemu Blue
1076,Marvo K636,14.88 ,7,3.5,2,,,0,Membrane
1077,SteelSeries Apex 7 TKL (Steelseries Blue),189.00 ,0,4.0,1,,,0,SteelSeries Blue
1078,Gembird KBS-UMG-01,15.70 ,14,3.0,1,,,0,Membrane
1079,CoolerMaster CK350 (Outemu Blue),64.44 ,0,5.0,5,,,0,Outemu Blue
1080,Adata XPG Summoner (Cherry MX Red),92.06 ,0,5.0,1,,,0,Cherry MX Red
1081,MSI Vigor GK30 Combo,67.89 ,0,0.0,0,,,0,Key Lights
1082,Dell Alienware Advanced Gaming Keyboard AW568,65.00 ,2,4.0,2,,,0,Custom Brown
1083,ADX ADXCOM19,39.99 ,0,0.0,0,,,0,Membrane
1084,Logitech G513 (GX Brown),181.00 ,0,0.0,0,,,0,GX Brown
1085,Adata XPG Summoner (Cherry MX Blue),93.69 ,0,5.0,1,,,0,Cherry MX Blue
1086,Weibo Dark Hero WB-100,13.99 ,2,3.5,2,,,0,Membrane
1087,Gamdias Poseidon E1,27.90 ,4,0.0,0,,,0,Membrane
1088,Esperanza Tirions Red,5.95 ,3,3.0,1,,,0,Key Lights
1089,Thermaltake Level 20 RGB (Cherry MX Blue),124.25 ,1,0.0,0,,,0,Cherry MX Blue
1090,Armaggeddon MKA-9C Psychraptor (Kailh Brown),82.00 ,0,0.0,0,,,0,Kailh Brown
1091,FanTech K10,10.70 ,3,3.8,8,,,0,Membrane
1092,Gigabyte Force K81,49.90 ,0,0.0,0,,,0,Kailh Red
1093,Redragon K565R Rudra,43.00 ,0,0.0,0,,,0,Outemu Blue
1094,Motospeed CK94,59.26 ,9,3.0,1,,,0,Kailh Short
1095,A4Tech B760,47.50 ,3,0.0,0,,,0,LK Libra Orange
1096,Corsair K95 RGB Platinum Gunmetal (Cherry MX Brown),269.00 ,0,4.6,18,,,2,Cherry MX Speed
1097,Motospeed K96 White (Outemu Blue),39.90 ,0,4.4,24,,,2,Outemu Blue
1098,Motospeed CK89 Pink (Kaili Box White),70.24 ,2,5.0,2,,,2,Kailh Box White
1099,Xtrike Me KB-705 White,17.90 ,0,0.0,0,,,2,Membrane
1100,Das KeyBoard 4 Ultimate,153.39 ,3,0.0,0,,,0,Cherry MX Brown
1101,Esperanza Seaker Black/Green,7.50 ,2,4.0,1,,,0,Membrane
1102,Rebeltec BigFONT,18.99 ,0,0.0,0,,,0,Membrane
1103,Dragon War Desert Eagle,19.90 ,0,0.0,0,,,0,Membrane
1104,Omega Varr Fighter 2,44.75 ,0,0.0,0,,,0,Xinda Blue
1105,Xtrike Me KB-302,9.99 ,2,0.0,0,,,0,Membrane
1106,Mobilis Keywin Ak47,26.90 ,2,0.0,0,,,0,Custom Mechanical
1107,Wesdar MK4,13.90 ,2,0.0,0,,,0,Membrane
1108,Redragon Rahu,69.00 ,0,0.0,0,,,0,Outemu Blue
1109,Sades BNDL-0004,183.47 ,3,0.0,0,,,0,Custom Blue
1110,Sandberg FireStorm Mech,70.70 ,2,0.0,0,,,0,Outemu Blue
1111,Dragon War GKM-001,52.09 ,8,0.0,0,,,0,Membrane
1112,Thermaltake Level 20 RGB (Cherry MX Speed),126.79 ,2,0.0,0,,,0,Cherry MX Speed
1113,Genius K20,31.10 ,10,0.0,0,,,0,Membrane
1114,FanTech MVP-861 Commander,68.20 ,0,0.0,0,,,0,Outemu Blue
1115,Sandberg Gaming Starter Kit Nordic,49.90 ,24,0.0,0,,,0,Membrane
1116,Sandberg IronStorm 640-15,36.00 ,2,0.0,0,,,0,Membrane
1117,Logitech G915 Lightspeed (GL Tactile),241.28 ,2,5.0,5,,,0,GL Tactile
1118,Asus TUF Gaming K7,129.00 ,0,0.0,0,,,0,TUF Linear
1119,AS-808 E-SPORTS,50.00 ,2,0.0,0,,,0,Outemu Red
1120,A4Tech B180 RGB,31.50 ,2,0.0,0,,,0,Membrane
1121,Aerocool TK15,12.34 ,2,0.0,0,,,0,Membrane
1122,Thermaltake Meka Pro Lite,85.90 ,1,0.0,0,,,0,Cherry MX Blue
1123,Tracer Gamezone Hellway X,23.50 ,2,0.0,0,,,0,Membrane
1124,Thermaltake Neptune PRO,70.92 ,2,0.0,0,,,0,TTC Brown
1125,Genesis Thor 300 (Outemu Red),31.89 ,2,3.3,22,,,0,Outemu Red
1126,Lenovo Legion K200,31.91 ,4,0.0,0,,,0,Membrane
1127,Das KeyBoard 4 Professional for Mac (Cherry MX Blue),149.68 ,2,0.0,0,,,0,Cherry MX Blue
1128,Asus ROG Strix Scope,182.29 ,0,0.0,0,,,0,Key Lights
1129,Marvo Combo KM400 & G1,28.52 ,5,3.5,2,,,0,Membrane
1130,Sandberg Gaming Starter Kit,72.99 ,0,0.0,0,,,0,Membrane
1131,Esperanza Shelter,21.90 ,0,4.0,1,,,0,Membrane
1132,Nedis GKBD200BKUS,33.90 ,0,0.0,0,,,0,Membrane
1133,Keep Out F115,89.90 ,3,0.0,0,,,0,Membrane
1134,Xtrike Me GK-901,33.00 ,0,0.0,0,,,0,Membrane
1135,Fury Hurricane Tkl Rainbow,11.87 ,3,0.0,0,,,0,Key Lights
1136,Yenkee Hornet,39.90 ,3,0.0,0,,,0,Membrane
1137,Roccat Ryos TKL Pro,159.20 ,0,5.0,1,,,0,Cherry MX Brown
1138,Gamdias Hermes E2,39.00 ,0,0.0,0,,,0,Gamdias
1139,Nacon CL-700OM,64.90 ,3,0.0,0,,,0,Kailh Blue
1140,Gamdias Ares M1,24.90 ,2,0.0,0,,,0,Membrane
1141,Tracer Battle Heroes Shinook X,14.85 ,0,0.0,0,,,0,Membrane
1142,Redragon Kama K578,48.99 ,0,0.0,0,,,0,Custom Brown
1143,Thermaltake Challenger Combo,38.80 ,2,0.0,0,,,0,Key Lights
1144,Redragon Mitra K551,55.00 ,0,0.0,0,,,0,Custom Mechanical
1145,Redragon Manyu K579RGB,56.00 ,0,0.0,0,,,0,Custom Blue
1146,Natec RX85,69.99 ,0,0.0,0,,,0,Kailh Brown
1147,Tacens MKHA0 Black,6.20 ,0,0.0,0,,,0,Full Size
1148,Redragon Partryusa K570,56.33 ,0,0.0,0,,,0,Custom Blue
1149,Patriot Viper V765 (Kailh Box White),116.51 ,0,0.0,0,,,0,Kailh Box White
1150,Genesis Thor 300 (Outemu Blue),47.00 ,1,2.5,2,,,0,Outemu Blue
1151,Spirit of Gamer Spirit Gamer PRO-K3,19.90 ,0,0.0,0,,,0,Membrane
1152,Acer Nitro,45.00 ,0,0.0,0,,,0,Membrane
1153,Genesis RHOD 600 RGB,40.80 ,1,4.0,1,,,0,Key Lights
1154,Redragon K553-RGB,59.99 ,0,0.0,0,,,0,Custom Blue
1155,A4Tech B130,23.50 ,3,0.0,0,,,0,Membrane
1156,Thermaltake Challenger Edge Pro,57.80 ,0,0.0,0,,,0,Key Lights
1157,Rebeltec Imperator,49.00 ,2,0.0,0,,,0,Outemu Blue
1158,Rebeltec Discovery,14.49 ,8,3.0,2,,,0,Membrane
1159,Weibo WB-710,27.80 ,0,0.0,0,,,0,Membrane
1160,Mobilis KW18,20.00 ,0,0.0,0,,,0,Membrane
1161,Hori Tactical Assault Commander Pro,179.95 ,0,3.8,5,,,0,Custom Mechanical
1162,Armaggeddon MKA-7C Psychfalcon,64.50 ,4,3.8,4,,,0,Outemu Blue
1163,Motospeed K95 (Outemu Brown),29.79 ,2,4.1,7,,,0,Outemu Brown
1164,Genesis R33,19.90 ,0,4.0,7,,,0,Membrane
1165,Rebeltec Defender,17.79 ,9,0.0,0,,,0,Membrane
1166,Xtrike Me MK-501KIT,17.50 ,0,0.0,0,,,0,Membrane
1167,FanTech Fighter K611L,23.80 ,0,0.0,0,,,0,Key Lights
1168,Rebeltec Liberator,37.40 ,3,2.5,2,,,0,Outemu Blue
1169,Das KeyBoard X50Q,138.78 ,0,0.0,0,,,0,Gamma Zulu
1170,Trust GXT 888 Assa Single Handed,55.00 ,0,0.0,0,,,0,Membrane
1171,Acer Predator Aethon 500,169.00 ,0,0.0,0,,,0,Custom Blue
1172,Cougar Attack X3 RGB,113.00 ,1,0.0,0,,,0,Custom Mechanical
1173,NGS GKX-300,21.90 ,4,0.0,0,,,0,Key Lights
1174,Tracer Oxin,16.80 ,6,0.0,0,,,0,Membrane
1175,Redragon Combo Vajra & Centrophorus,27.50 ,3,3.7,3,,,0,Membrane
1176,Sharkoon Skiller Pro,34.80 ,2,3.8,21,,,0,Membrane
1177,Gembird KB-UMGL-01,15.50 ,4,3.8,5,,,0,Membrane
1178,Sharkoon PureWriter TKL RGB (Kailh Red),69.99 ,2,5.0,1,,,0,Kailh Red
1179,Gembird GGS-UMG4-01,40.00 ,0,3.5,11,,,0,Membrane
1180,Corsair K68,169.90 ,0,0.0,0,,,0,Cherry MX Red
1181,Rebeltec Warrior,7.00 ,9,3.0,1,,,0,Membrane
1182,FanTech Zexter K610,24.80 ,0,0.0,0,,,0,Key Lights
1183,Genius Scorpion K10,31.72 ,3,5.0,1,,,0,Membrane
1184,Roccat Horde,89.80 ,1,0.0,0,,,0,Key Lights
1185,Roccat Horde Aimo Black,96.80 ,0,0.0,0,,,0,Membrane
1186,Aula Adjudication Expert,9.99 ,2,4.0,1,,,0,Membrane
1187,Aula Mechanical Demon King,68.08 ,2,0.0,0,,,0,KRGD
1188,Roccat Isku+ Illuminated,38.00 ,7,2.3,3,,,0,Membrane
1189,FanTech Outlaw K12,23.50 ,24,3.7,3,,,0,Key Lights
1190,Zornwee ZE-9800,8.99 ,2,0.0,0,,,0,Keyboard and Mouse Set
1191,HAMA uRage Exodus Macro,22.90 ,4,0.0,0,,,0,Key Lights
1192,Genesis Rhod 400,22.45 ,3,3.0,1,,,0,Membrane
1193,Ravcore Blade,54.90 ,3,0.0,0,,,0,Membrane
1194,HAMA Urage Exodus 2,23.90 ,4,0.0,0,,,0,Full Size
1195,SteelSeries APEX 300,86.70 ,2,5.0,1,,,2,Membrane
1196,Rebeltec Legend,17.00 ,7,3.0,1,,,0,Membrane
1197,Asus Cerberus Mech RGB,129.00 ,2,0.0,0,,,0,Custom Mechanical
1198,Trust Ziva,21.90 ,0,0.0,0,,,0,Full Size
1199,Riotoro Ghostwriter Prism,115.00 ,0,0.0,0,,,0,Custom Mechanical
1200,Riotoro Ghostwriter Classic,60.00 ,0,0.0,0,,,0,Membrane
1201,Redragon Hara,60.00 ,0,0.0,0,,,0,Custom Blue
1202,Spirit of Gamer Xpert K100,38.80 ,2,3.0,2,,,0,Membrane
1203,Powertech PT-183,13.50 ,4,4.0,1,,,0,Membrane
1204,Roccat Ryos MK Pro,189.60 ,0,4.0,5,,,0,Cherry MX Brown
1205,Gigabyte Force K85,92.65 ,0,3.5,2,,,0,Custom Red
1206,Zornwee V6,26.99 ,8,0.0,0,,,0,Membrane
1207,Weibo WB-538,23.88 ,2,0.0,0,,,0,Membrane
1208,Iogear Kaliber Hver,59.00 ,0,0.0,0,,,0,Membrane
1209,FanTech K710,48.00 ,0,3.0,2,,,0,Membrane
1210,Fury Hellfire illuminated,17.40 ,0,3.0,5,,,0,Key Lights
1211,Media-Tech Cobra Pro Inferno,55.00 ,26,0.0,0,,,0,Cyan AX
1212,Thermaltake ESPORTS Challenger Edge RGB,57.50 ,0,0.0,0,,,0,Key Lights
1213,Tracer Hellway,27.90 ,0,0.0,0,,,0,Membrane
1214,Ravcore Valravn,36.00 ,0,0.0,0,,,0,Membrane
1215,Zornwee X6 Soldier,8.40 ,2,0.0,0,,,0,Membrane
1216,Roccat Skeltr,106.56 ,4,0.0,0,,,0,Membrane
1217,SpeedLink Ferus,15.90 ,3,3.0,1,,,0,Membrane
1218,Keep Out F89PTE,27.60 ,2,0.0,0,,,0,Membrane
1219,Trust GXT 830,25.40 ,0,3.3,6,,,0,Membrane
1220,Redragon Indrah Black,99.00 ,0,0.0,0,,,0,Custom Blue
1221,Redragon K506,28.80 ,2,0.0,0,,,0,Membrane
1222,Sandberg Thunderstorm 640-02,49.90 ,3,0.0,0,,,0,Membrane
1223,Armaggeddon MKA-9C Psychraptor (Kaily Red),82.00 ,0,0.0,0,,,0,Kailh Red
1224,Media-Tech Cobra Pro MT1251,13.40 ,0,0.0,0,,,0,Membrane
1225,Weibo FC-719,9.49 ,0,0.0,0,,,0,Membrane
1226,Aula Be Fire,23.50 ,0,4.0,2,,,0,Membrane
1227,Xtrike Me KB-301,7.99 ,9,1.0,1,,,0,Membrane
1228,Zalman ZM-K600S,30.50 ,1,0.0,0,,,0,Membrane
1229,Zalman ZM-K700M,113.90 ,1,0.0,0,,,0,Cherry MX Red
1230,FanTech KR-6300,20.00 ,0,2.5,6,,,0,Membrane
1231,E-More HK3800,14.83 ,2,3.3,8,,,0,Membrane
1232,Ravcore Hybrid,34.50 ,4,2.3,3,,,0,Membrane
1233,Azio MGK1,99.00 ,0,0.0,0,,,0,Kailh Blue
1234,Roccat Vulcan 122 AIMO White,187.90 ,4,1.5,2,,,0,Titan Tactile
1235,Genesis RX11,19.99 ,0,3.0,4,,,0,Membrane
1236,Turtle Beach Impact 100,65.50 ,0,0.0,0,,,0,Membrane
1237,Magic m100,35.80 ,2,0.0,0,,,0,Membrane
1238,Keep Out F80,48.80 ,0,0.0,0,,,0,Membrane
1239,Approx Bolt,16.00 ,2,0.0,0,,,0,Membrane
1240,Keep Out F89CH,30.90 ,4,0.0,0,,,0,Membrane
1241,Tracer Enduro,18.00 ,0,0.0,0,,,0,Full Size
1242,SteelSeries Apex Raw,82.00 ,2,5.0,1,,,2,Membrane
1243,Roccat Isku FX,66.82 ,3,4.3,3,,,2,Membrane
1244,Perixx PX-1200,73.34 ,8,0.0,0,,,0,Membrane
1245,Armaggeddon AK-700,35.00 ,0,0.0,0,,,0,Membrane
1246,ZYG-900,15.70 ,5,1.0,1,,,0,Membrane
1247,Sharkoon Shark Zone MK80,83.01 ,2,0.0,0,,,0,Kailh Red
1248,R-Horse FC-720,39.90 ,0,0.0,0,,,0,Key Lights
1249,Sumvision Kane PRO LED,37.21 ,8,0.0,0,,,0,Membrane
1250,Trust GXT 280,15.90 ,6,3.3,10,,,0,Membrane
1251,Approx Blizzard,26.60 ,0,0.0,0,,,0,Membrane
1252,Keep Out F89PRO,47.70 ,0,0.0,0,,,0,Membrane
1253,Mars Gaming MK1,5.46 ,0,0.0,0,,,0,Membrane
1254,Approx Appblizzard,22.51 ,2,3.0,2,,,0,Membrane
1255,Roccat Isku,149.00 ,0,4.3,3,,,0,Membrane
1256,Aula Gaming Combo Set,50.37 ,8,0.0,0,,,0,Membrane
1257,SpeedLink Parthica Core,42.40 ,5,0.0,0,,,0,Membrane
1258,Sumvision Nemesis Stryder,32.74 ,8,0.0,0,,,0,Membrane
1259,Keep Out F90,38.90 ,0,0.0,0,,,0,Membrane
1260,Perixx PX-1100,87.42 ,8,0.0,0,,,0,Membrane
1261,Media-Tech Cobra Pro Multimedia,16.99 ,10,1.0,1,,,0,Membrane
1262,SpeedLink Rapax,27.50 ,3,0.0,0,,,0,Membrane
1263,Omega Varr VK-1,15.00 ,0,3.0,4,,,0,Membrane
1264,A4Tech Bloody & Sades Gaming set,156.07 ,0,1.0,2,,,0,LK Libra Brown
1265,Esperanza TK105,6.80 ,9,1.0,1,,,0,Membrane
1266,Keep Out F90E Gaming USB,39.90 ,6,2.3,6,,,0,Membrane
1267,Gigabyte K8100,75.00 ,0,0.0,0,,,0,Membrane
1268,Approx Quasar,29.00 ,0,1.0,1,,,0,Membrane
1269,A4Tech X7 G100,17.00 ,0,0.0,0,,,0,Keypad
