Name,Price,Stores,Rating,Votes,Switches,Colors
Zeroground KB-2800G Satomi,53.99 €,σε 59 καταστήματα,4.6,27,Outemu Red,0
Razer Cynosa Lite Chroma,38.88 €,σε 40 καταστήματα,4.2,44,Μεμβράνης,0
Zeroground KB-2700G Sakimo,43.99 €,σε 64 καταστήματα,4.6,8,Outemu Blue,0
Zeroground KB-2400G Taigen v2.0,43.80 €,σε 68 καταστήματα,4.4,38,Custom Mechanical,0
Razer Blackwidow Chroma Elite (Razer Green),134.47 €,σε 34 καταστήματα,4.7,69,Razer Green,0
Zeroground KB-2600G Simeto,29.99 €,σε 54 καταστήματα,4.3,22,Custom Blue,0
Zeroground KB-2300G Sagara,24.90 €,σε 72 καταστήματα,4.2,22,Μεμβράνης,0
Razer Huntsman Tournament Edition,124.00 €,σε 21 καταστήματα,4.8,34,Razer Linear,0
Philips SPK8614,32.80 €,σε 35 καταστήματα,4.7,26,Custom Blue,0
Zeroground Arai KB-1700GUMS,25.90 €,σε 50 καταστήματα,4.3,35,Μεμβράνης,0
Zeroground KB-2500G Hanzo v2.0,21.99 €,σε 53 καταστήματα,4.3,9,Μεμβράνης,0
NOD Metal Stealth,22.80 €,σε 42 καταστήματα,4.5,39,Μεμβράνης,0
Motospeed CK108 (Outemu Blue),39.98 €,σε 22 καταστήματα,4.6,172,Outemu Blue,0
Corsair K70 RGB MK.2 (Cherry MX Red),129.00 €,σε 22 καταστήματα,4.9,15,Cherry MX Red,0
Razer Huntsman Elite (Razer Linear Optical),192.85 €,σε 21 καταστήματα,4.7,58,Razer Linear,0
Corsair K55 RGB,56.05 €,σε 21 καταστήματα,4.6,64,Μεμβράνης,0
Philips Momentum,15.50 €,σε 47 καταστήματα,4.0,13,Φωτιζόμενα Πλήκτρα,0
Razer Blackwidow Chroma Elite (Razer Yellow),148.10 €,σε 22 καταστήματα,4.7,69,Razer Yellow,0
HyperX Alloy Origins TKL (HyperX Red),104.00 €,σε 13 καταστήματα,5.0,8,HyperX Red,0
Logitech G213 Prodigy,52.65 €,σε 28 καταστήματα,4.6,39,Μεμβράνης,0
Philips SPK8614-BRS,33.00 €,σε 37 καταστήματα,4.5,6,Custom Brown,0
Motospeed CK108 (Outemu Black),36.70 €,σε 19 καταστήματα,4.6,172,Outemu Black,0
Conceptum Black Dragon G901,64.90 €,σε 4 καταστήματα,4.9,41,Custom Blue,0
Sades Neo Blademail,22.01 €,σε 27 καταστήματα,4.7,61,Μεμβράνης,0
Razer Huntsman Elite (Razer Clicky Optical),184.54 €,σε 14 καταστήματα,4.7,58,Razer Clicky,0
Logitech G512 Carbon (GX Blue),99.90 €,σε 13 καταστήματα,4.9,11,GX Blue,0
Razer Ornata Chroma,84.90 €,σε 8 καταστήματα,4.5,224,Μεμβράνης,0
Zeroground KB-1900GUHMS Sumiko Bundle,35.99 €,σε 42 καταστήματα,4.0,7,Μεμβράνης,0
Sharkoon Skiller Mech SGK3 (Kailh Red),63.87 €,σε 13 καταστήματα,4.9,15,Kailh Red,0
Motospeed CK61 (Outemu Blue),41.69 €,σε 5 καταστήματα,4.4,28,Outemu Blue,0
Motospeed CK108 (Outemu Red),38.77 €,σε 15 καταστήματα,4.6,172,Outemu Red,0
HyperX Alloy FPS RGB,94.08 €,σε 9 καταστήματα,4.8,13,Kailh Speed Silver,0
Corsair K68 RGB,109.90 €,σε 25 καταστήματα,4.4,18,Cherry MX Red,0
NOD Iron Strike,39.90 €,σε 32 καταστήματα,4.7,3,Xinda Blue,0
Armaggeddon MKA-3C Psychfalcon,30.00 €,σε 14 καταστήματα,4.5,39,Outemu Blue,0
CoolerMaster MK110,43.29 €,σε 6 καταστήματα,5.0,5,Μεμβράνης,0
CoolerMaster MK730,123.00 €,σε 7 καταστήματα,5.0,6,Cherry MX Brown,0
Motospeed Inflictor CK104 Silver (Outemu Red),36.83 €,σε 13 καταστήματα,4.7,914,Outemu Red,2
Motospeed Inflictor CK104 RGB Silver (Outemu Blue),35.38 €,σε 17 καταστήματα,4.7,914,Outemu Blue,2
Logitech G413 Black,72.90 €,σε 22 καταστήματα,4.6,74,Romer-G Tactile,2
Motospeed Inflictor CK104 RGB Silver (Outemu Black),35.02 €,σε 12 καταστήματα,4.7,914,Outemu Black,2
Razer Huntsman Black,108.39 €,σε 27 καταστήματα,4.5,27,Razer Clicky,3
Motospeed Inflictor CK104 RGB Red (Outemu Red),31.71 €,σε 13 καταστήματα,4.7,914,Outemu Red,2
Motospeed Inflictor CK104 RGB Red (Outemu Blue),31.49 €,σε 18 καταστήματα,4.7,914,Outemu Blue,2
Motospeed CK103 White (Outemu Blue),43.81 €,σε 9 καταστήματα,4.8,45,Outemu Blue,2
Motospeed K82 Black (Outemu Blue),38.30 €,σε 14 καταστήματα,4.8,12,Outemu Blue,2
Logitech G413 Silver,68.99 €,σε 28 καταστήματα,4.6,74,Romer-G Tactile,2
Motospeed CK62 RGB White (Outemu Red),46.00 €,στο Websupplies,4.4,27,Outemu Red,2
Motospeed K70,9.54 €,σε 18 καταστήματα,4.5,112,Μεμβράνης,0
Logitech G512 SE RGB,99.90 €,σε 7 καταστήματα,4.6,11,GX Blue,0
Razer BlackWidow Chroma (Razer Green),103.50 €,σε 19 καταστήματα,4.6,46,Razer Green,0
Razer Blackwidow Lite,83.55 €,σε 24 καταστήματα,4.4,9,Razer Orange,0
Armaggeddon RGB Raptor MKA-11R,46.60 €,σε 11 καταστήματα,4.9,7,Outemu Blue,0
White Shark GC-4102,28.60 €,σε 8 καταστήματα,4.3,12,Μεμβράνης,0
Orzly RX250-K,12.90 €,στο Kooqie,4.9,7,Φωτιζόμενα Πλήκτρα,0
Motospeed CK103 Black (Outemu Red),39.49 €,σε 12 καταστήματα,4.8,45,Outemu Red,0
A4Tech Bloody B120N,22.90 €,σε 37 καταστήματα,5.0,1,Μεμβράνης,0
A4Tech B500N,24.50 €,σε 35 καταστήματα,5.0,1,Μεμβράνης,0
CoolerMaster CK550 (Gateron Brown),77.64 €,σε 8 καταστήματα,4.5,23,Gateron Brown,0
Trust GXT 838 Azor,28.90 €,σε 9 καταστήματα,4.4,24,Μεμβράνης,0
SteelSeries Apex Pro TKL,209.90 €,στο Websupplies,5.0,5,SteelSeries OmniPoint,0
SteelSeries Apex Pro,230.00 €,σε 7 καταστήματα,4.7,10,SteelSeries OmniPoint,0
CoolerMaster CK350 (Outemu Brown),56.49 €,σε 3 καταστήματα,5.0,5,Outemu Brown,0
Motospeed K87S White (Kailh Blue),48.04 €,σε 8 καταστήματα,4.7,26,Kailh Blue,0
HyperX Alloy FPS Pro (Cherry MX Red),75.00 €,σε 12 καταστήματα,4.5,37,Cherry MX Red,0
Asus ROG Strix Flare,169.90 €,στο Nextspot Store,5.0,7,Φωτιζόμενα Πλήκτρα,0
Armaggeddon MKA-2C Psychraven,25.70 €,σε 13 καταστήματα,5.0,2,Μεμβράνης,0
HyperX Alloy Core RGB,55.40 €,σε 11 καταστήματα,4.8,5,Μεμβράνης,0
Armaggeddon MKA-5R,35.00 €,σε 5 καταστήματα,4.8,5,Custom Blue,0
Spartan Gear Minotaur,19.98 €,σε 10 καταστήματα,4.5,13,Custom Mechanical,0
Dell Alienware Pro Gaming Keyboard AW768,107.16 €,σε 10 καταστήματα,4.8,6,Kailh Brown,0
SteelSeries Apex 5,132.90 €,σε 12 καταστήματα,5.0,2,SteelSeries Hybrid Mechanical,0
Motospeed CK888 (Outemu Red),47.99 €,σε 4 καταστήματα,4.4,82,Outemu Red,0
ADX Firepower A01,24.90 €,στο Kotsovolos,5.0,4,Μεμβράνης,0
Orzly Hornet RX250 Essential Pack,36.90 €,στο Kooqie,4.8,5,Μεμβράνης,0
Motospeed K27 (Outemu Red),20.64 €,σε 6 καταστήματα,4.7,7,Outemu Red,0
Motospeed K87S White (Kailh Red),47.75 €,σε 7 καταστήματα,4.7,26,Kailh Red,0
Trust GXT 865 Asta,49.69 €,σε 13 καταστήματα,5.0,3,GTX Red,0
Spirit of Gamer Pro K5,19.20 €,σε 14 καταστήματα,4.7,7,Μεμβράνης,0
NOD Silver Sky,22.90 €,σε 6 καταστήματα,4.6,16,Μεμβράνης,0
Logitech G513 Carbon (GX Blue),179.90 €,σε 4 καταστήματα,4.5,24,GX Blue,0
Razer Cynosa Chroma,79.00 €,σε 5 καταστήματα,4.4,65,Μεμβράνης,0
Natec Tornado,34.68 €,σε 2 καταστήματα,5.0,4,Custom Blue,0
Motospeed CK104 Orion Special Edition RGB Silver (Outemu Red),37.30 €,σε 6 καταστήματα,5.0,3,Outemu Red,0
Philips SPK8403,56.00 €,στο Digitalife,4.7,11,Custom Blue,0
Sharkoon Skiller Mech SGK3 (Kailh Brown),64.37 €,σε 11 καταστήματα,4.9,15,Kailh Brown,0
Spartan Gear Cyclops,34.98 €,σε 11 καταστήματα,4.4,13,Outemu Blue,0
Logitech G Pro,127.58 €,σε 18 καταστήματα,4.2,25,GX Blue,0
Corsair K63 Wireless,169.00 €,σε 2 καταστήματα,5.0,4,Cherry MX Red,0
HyperX Alloy Elite RGB (Cherry MX Red),127.90 €,σε 4 καταστήματα,4.8,6,Cherry MX Red,0
Dell Alienware Mechanical AW310K Dark side of the moon,79.00 €,σε 19 καταστήματα,5.0,1,Cherry MX Red,0
A4Tech Bloody B930 (LK Libra Brown),59.99 €,σε 3 καταστήματα,5.0,4,LK Libra Brown,0
Redragon S101-BA,99.90 €,στο Nextspot Store,5.0,5,Μεμβράνης,0
Motospeed CK103 Black (Outemu Blue),41.70 €,σε 9 καταστήματα,4.8,45,Outemu Blue,2
Motospeed CK62 RGB Black (Outemu Red),50.37 €,σε 8 καταστήματα,4.4,27,Outemu Red,2
Trust GXT 830-RW Avonn,18.00 €,σε 16 καταστήματα,4.7,6,Μεμβράνης,2
Logitech G613,99.98 €,σε 16 καταστήματα,4.4,8,Romer-G Tactile,0
Patriot Viper V760,96.60 €,σε 6 καταστήματα,5.0,6,Kailh Brown,0
Motospeed CK888 Silver (Outemu Blue),46.70 €,σε 9 καταστήματα,4.4,82,Outemu Blue,0
FanTech K613L,24.80 €,στο Laptopolis,5.0,3,Μεμβράνης,0
Xtrike Me GK-980,24.80 €,σε 2 καταστήματα,5.0,2,Φωτιζόμενα Πλήκτρα,0
Corsair K65 Lux RGB,187.00 €,στο Allaboutoffice,5.0,7,Cherry MX Red,0
Motospeed K95 (Outemu Blue),29.79 €,σε 11 καταστήματα,4.1,7,Outemu Blue,0
CoolerMaster CK530 (Gateron Red),79.79 €,σε 4 καταστήματα,5.0,3,Gateron Red,0
Dell Alienware AW510K Dark Side of the Moon,129.90 €,σε 16 καταστήματα,5.0,1,Cherry MX Red Low Profile,0
Corsair K65 RGB Rapidfire,145.00 €,σε 3 καταστήματα,5.0,5,Cherry MX Speed,0
Fury Thunderstreak 4W1,24.00 €,σε 9 καταστήματα,4.2,51,Φωτιζόμενα Πλήκτρα,0
Spirit of Gamer Xpert G700,69.50 €,σε 3 καταστήματα,5.0,2,Custom Blue,0
Redragon Visnu RGB,48.50 €,σε 2 καταστήματα,5.0,4,Custom Blue,0
Motospeed CK103 Side Laser (Outemu Blue),54.85 €,σε 6 καταστήματα,5.0,2,Outemu Blue,0
Motospeed CK98,69.08 €,σε 9 καταστήματα,5.0,3,Kailh Box White,0
Motospeed GK82 Pink (Outemu Red),45.00 €,σε 5 καταστήματα,5.0,4,Outemu Red,0
Corsair K95 RGB Platinum Black (Cherry MX Brown),229.00 €,σε 2 καταστήματα,4.6,18,Cherry MX Brown,0
Razer Tartarus Pro Black,128.50 €,σε 19 καταστήματα,4.5,4,Razer Analog Optical,0
Corsair K70 RGB MK.2 (Cherry MX Brown),176.50 €,σε 3 καταστήματα,4.9,15,Cherry MX Brown,0
CoolerMaster Devastator III RGB,33.99 €,σε 7 καταστήματα,4.2,50,Μεμβράνης,0
Roccat Vulcan 120 Aimo,219.00 €,στο Bestdeals,5.0,3,Titan Tactile,0
Spartan Gear Centaur,15.88 €,σε 9 καταστήματα,4.4,8,Μεμβράνης,0
Motospeed GK82 (Outemu Brown),47.00 €,σε 2 καταστήματα,5.0,4,Outemu Brown,0
Razer BlackWidow Ultimate Water Resistant,119.00 €,στο TonerHouse,4.6,11,Φωτιζόμενα Πλήκτρα,0
Logitech G513 Carbon (Romer-G Tactile),139.00 €,σε 8 καταστήματα,4.5,24,Romer-G Tactile,0
Motospeed CK61 (Outemu Red),41.69 €,σε 9 καταστήματα,4.4,28,Outemu Red,0
Sades K13 Sickle (Kailh Red),54.73 €,σε 38 καταστήματα,4.0,1,Kailh Red,0
Cougar Vantar,55.00 €,στο Bestdeals,4.8,5,Μεμβράνης,0
Patriot Viper 770,108.50 €,σε 9 καταστήματα,4.5,10,Kailh Red,0
HyperX Alloy FPS (Cherry MX Blue),89.90 €,στο Plaisio,4.6,25,Cherry MX Blue,0
Corsair K70 RGB MK.2 Low Profile RAPIDFIRE (Cherry MX Speed),134.00 €,σε 22 καταστήματα,4.0,1,Cherry MX Speed,0
Redragon Kala RGB LED,48.10 €,σε 3 καταστήματα,4.8,6,Custom Blue,0
Corsair K70 Lux (Cherry MX Brown),170.00 €,στο Allaboutoffice,4.6,28,Cherry MX Brown,0
CoolerMaster MS110,48.91 €,σε 5 καταστήματα,3.9,17,Μεμβράνης,0
HyperX Alloy FPS (Cherry MX Red),100.61 €,στο MG Manager,4.6,25,Cherry MX Red,0
Genesis Thor 300 TKL (Outemu Blue),39.90 €,σε 2 καταστήματα,5.0,2,Outemu Blue,0
Motospeed CK87s White (Outemu Red),53.00 €,στο TerrabyteNet,5.0,2,Outemu Red,0
Trust GXT 860,39.49 €,σε 13 καταστήματα,4.7,3,Μεμβράνης,0
Zeroground KB-1600GUMS,18.90 €,σε 34 καταστήματα,3.4,24,Μεμβράνης,0
HyperX Alloy Origins,115.99 €,σε 10 καταστήματα,5.0,8,HyperX Aqua,0
Genesis Rhod 400 RGB,22.40 €,σε 3 καταστήματα,4.6,9,Μεμβράνης,0
CoolerMaster SK621,218.36 €,στο MG Manager,5.0,2,Cherry MX Red Low Profile,0
Razer Huntsman Mini (Razer Clicky),119.90 €,σε 4 καταστήματα,5.0,1,Razer Clicky,0
Motospeed CK62 RGB Black (Outemu Blue),44.38 €,σε 15 καταστήματα,4.4,27,Outemu Blue,2
Motospeed CK80 Silver (Silver Switches),55.00 €,σε 10 καταστήματα,5.0,2,Custom Silver,2
Motospeed CK62 RGB White (Outemu Blue),40.00 €,σε 6 καταστήματα,4.4,27,Outemu Blue,2
Razer Huntsman Quartz Pink,163.90 €,σε 13 καταστήματα,4.5,27,Razer Clicky,3
Armaggeddon MKO 13R Enterprise Black,63.00 €,σε 12 καταστήματα,5.0,1,Custom Mechanical,2
Spirit of Gamer Elite K10,22.60 €,σε 11 καταστήματα,5.0,2,Μεμβράνης,0
Razer BlackWidow Ultimate 2016,179.90 €,στο Videorama,4.5,81,Razer Green,0
Cougar Deathfire EX,50.00 €,σε 2 καταστήματα,4.8,5,Μεμβράνης,0
Corsair K63,99.99 €,σε 2 καταστήματα,5.0,3,Cherry MX Red,0
White Shark Samurai,24.20 €,σε 15 καταστήματα,4.3,6,Μεμβράνης,0
Trust GXT 1180RW,36.99 €,σε 15 καταστήματα,3.9,11,Μεμβράνης,0
Sades Frost Staff,65.10 €,σε 35 καταστήματα,0.0,,LK Blue,0
HP Omen 1100,69.90 €,σε 17 καταστήματα,5.0,1,Custom Mechanical,0
A4Tech Bloody B2500,45.40 €,σε 36 καταστήματα,3.0,1,Μεμβράνης,0
Trust GXT 856 Torac,23.80 €,σε 8 καταστήματα,4.5,2,Μεμβράνης,0
HyperX Alloy FPS Pro (Cherry MX Blue),78.10 €,σε 7 καταστήματα,4.5,37,Cherry MX Blue,0
iMice AK-400 Black,18.41 €,σε 8 καταστήματα,5.0,1,-,0
Motospeed CK99 RGB (Cherry MX Red),75.34 €,σε 9 καταστήματα,5.0,1,Cherry MX Red,0
Sharkoon Skiller SGK4,36.90 €,σε 3 καταστήματα,5.0,2,Μεμβράνης,0
Canyon Argama Gaming Set,72.80 €,σε 7 καταστήματα,5.0,1,Σετ Πληκτρολόγιο & Ποντίκι,0
Powertech Roar PT-184,19.00 €,σε 15 καταστήματα,5.0,2,Μεμβράνης,0
Roccat Isku+ Force FX,65.41 €,σε 6 καταστήματα,5.0,2,Μεμβράνης,0
Motospeed K70L,14.00 €,σε 5 καταστήματα,5.0,1,Φωτιζόμενα Πλήκτρα,0
Corsair K70 Lux RGB (Cherry MX Red),161.49 €,στο The Console Club,4.4,48,Cherry MX Red,0
Logitech G915 Lightspeed (GL Clicky),229.90 €,σε 7 καταστήματα,5.0,5,GL Clicky,0
Patriot Viper 730,54.50 €,σε 5 καταστήματα,4.4,16,Kailh Brown,0
A4Tech Bloody B975 (LK Libra Orange),60.06 €,σε 9 καταστήματα,5.0,1,LK Libra Orange,0
Genesis Thor 300 TKL (Outemu Red),55.00 €,στο Tetrabyte,4.4,17,Outemu Red,0
Motospeed CK104 Orion Special Edition RGB Silver (Outemu Blue),37.30 €,σε 5 καταστήματα,5.0,3,Outemu Blue,0
Asus ROG Claymore Core with Numpad,189.90 €,σε 4 καταστήματα,4.5,10,Cherry MX Brown,0
Spartan Gear Lochos (Xinda Blue),27.80 €,σε 3 καταστήματα,5.0,1,Xinda Blue,0
Xtrike Me GK-979 (Custom Blue),23.29 €,σε 3 καταστήματα,4.5,2,Custom Blue,0
Armaggeddon MKA-17 ProGaming,79.40 €,σε 12 καταστήματα,4.0,3,Custom Blue,0
Lamtech LAM021325,11.00 €,σε 9 καταστήματα,3.8,5,Φωτιζόμενα Πλήκτρα,0
Armaggeddon AK-999 SFX,18.90 €,σε 12 καταστήματα,4.5,2,Μεμβράνης,0
Logitech G815 Lightsync RGB (GL Clicky),179.90 €,σε 6 καταστήματα,5.0,1,GL Clicky,0
Savio Tempest RX Green (Outemu Brown),28.38 €,σε 2 καταστήματα,5.0,1,Outemu Brown,0
Asus Sagaris GK1100,96.60 €,σε 4 καταστήματα,5.0,2,Custom Mechanical,0
Redragon K556 RGB,54.01 €,στο Gamefreak,5.0,2,Custom Brown,0
Genesis Thor 200 RGB,33.21 €,σε 9 καταστήματα,4.0,7,Custom Mechanical,0
Razer Ornata V2,99.40 €,σε 18 καταστήματα,0.0,,Φωτιζόμενα Πλήκτρα,0
Nedis Single-Handed,31.55 €,σε 23 καταστήματα,0.0,,Μεμβράνης,0
Motospeed K83 (Outemu Blue),33.52 €,σε 11 καταστήματα,3.7,29,Outemu Blue,0
Razer Tartarus v2,70.36 €,σε 24 καταστήματα,3.6,5,Μεμβράνης,0
Sades SA-D10,38.53 €,σε 22 καταστήματα,0.0,,Φωτιζόμενα Πλήκτρα,0
Motospeed K27 (Outemu Blue),20.64 €,σε 3 καταστήματα,4.7,7,Outemu Blue,0
Redragon Anala K558,55.00 €,στο Techaway,5.0,2,Outemu Blue,0
CMK-188 Rainbow,14.33 €,σε 4 καταστήματα,3.9,10,Μεμβράνης,0
Sharkoon Skiller SGK5,38.56 €,σε 3 καταστήματα,5.0,1,Μεμβράνης,0
FanTech Pantheon MK871 Tournament Edition,64.00 €,σε 2 καταστήματα,5.0,2,Kailh Blue,0
Motospeed K24,19.00 €,στο BBshop,5.0,1,Outemu Blue,0
Motospeed Inflictor CK104 RGB Silver (Outemu Brown),35.22 €,σε 11 καταστήματα,4.7,914,Outemu Brown,2
Motospeed CK89 Black (Kaili Box White),61.52 €,σε 7 καταστήματα,5.0,2,Kailh Box White,2
Marvo KG959G,44.64 €,σε 5 καταστήματα,5.0,1,Outemu Blue,0
Creative Sound Blaster X Vanguard K08,99.00 €,στο Kotsovolos,4.3,18,Press,0
Sharkoon PureWriter TKL RGB,77.98 €,σε 3 καταστήματα,5.0,1,Kailh Blue,0
Hori Tactical Assault Commander Pro M2,126.81 €,σε 5 καταστήματα,5.0,1,Custom Mechanical,0
Marvo CM303,47.90 €,σε 2 καταστήματα,5.0,1,Μεμβράνης,0
CoolerMaster SK650,144.89 €,σε 4 καταστήματα,5.0,1,Cherry MX Red Low Profile,0
Asus TUF Gaming Combo,132.59 €,στο MG Manager,5.0,1,Μεμβράνης,0
Esperanza Illuminated EK133,9.64 €,σε 5 καταστήματα,5.0,1,Μεμβράνης,0
Esperanza Illuminated Hunter,13.60 €,σε 9 καταστήματα,4.5,2,Μεμβράνης,0
Cougar Aurora,38.00 €,στο PC1,5.0,1,Μεμβράνης,0
A4Tech Bloody B930 (LK Libra Orange),55.17 €,σε 2 καταστήματα,5.0,4,LK Libra Orange,0
Weibo WB-570,15.60 €,σε 2 καταστήματα,4.5,2,Φωτιζόμενα Πλήκτρα,0
Roccat Vulcan 121 Aimo,187.90 €,σε 4 καταστήματα,5.0,1,Custom Mechanical,0
Logitech G915 Lightspeed (GL Linear),260.00 €,σε 2 καταστήματα,5.0,5,GL Linear,0
Corsair K57 RGB,169.90 €,στο Nextspot Store,5.0,1,Μεμβράνης,0
Zeroground KB-2200G Shoyen,20.90 €,σε 5 καταστήματα,4.5,4,Μεμβράνης,0
Gamesir GK100,44.90 €,στο Kooqie,4.4,5,Custom Blue,0
HAMA uRAGE Illumination 2in1,17.65 €,στο Techstores,5.0,1,Μεμβράνης,0
Zeroground KB-2100G Soki,15.90 €,σε 7 καταστήματα,4.0,26,Μεμβράνης,0
Tracer Commando,18.50 €,σε 5 καταστήματα,4.7,3,Μεμβράνης,0
LogiLink Illuminated one-hand gaming keyboard,19.00 €,στο PC1,5.0,1,Φωτιζόμενα Πλήκτρα,0
ADX Firefight ADXOK0119,44.90 €,στο Kotsovolos,5.0,1,Custom Mechanical,0
Sharkoon Skiller Mech SGK3 (Kailh Blue),63.00 €,στο PC1,5.0,1,Kailh Blue,0
ADX ADXA0419,39.90 €,στο Kotsovolos,5.0,1,Μεμβράνης,0
Motospeed CK61 (Kailh Short),59.90 €,στο BBshop,4.4,28,Kailh Short,0
Tracer Battle Heroes Shinook USB,14.85 €,σε 2 καταστήματα,4.8,4,Μεμβράνης,0
Razer Blackwidow Lite Stormtrooper Edition,94.68 €,σε 2 καταστήματα,5.0,1,Razer Orange,0
Redragon K505 RGB LED Backlit,28.00 €,σε 3 καταστήματα,5.0,1,Full Size,0
Gamdias Hermes P2,77.90 €,σε 2 καταστήματα,5.0,1,Gamdias,0
CoolerMaster CK550 (Gateron Blue),90.37 €,στο MG Manager,4.5,23,Gateron Blue,0
Zeroground KB-1800GUHMS,28.99 €,σε 9 καταστήματα,3.7,16,Μεμβράνης,0
Azio Mk Retro,159.00 €,στο Bestdeals,5.0,2,Custom Blue,0
Razer Blackwidow Ultimate 2017,114.00 €,στο Bestdeals,4.5,2,Φωτιζόμενα Πλήκτρα,0
Redragon Visnu R,38.00 €,στο Techaway,4.5,2,Custom Mechanical,0
Roccat Vulcan 100 Aimo,179.00 €,σε 2 καταστήματα,5.0,1,Titan Tactile,0
Rebeltec Patrol,10.90 €,σε 5 καταστήματα,4.5,2,Μεμβράνης,0
Omega OK-26 M-Dia,5.95 €,σε 4 καταστήματα,4.3,3,Μεμβράνης,0
A4Tech Bloody B820R,58.90 €,σε 4 καταστήματα,5.0,1,LK Blue,0
Gembird KB-UML-01,15.10 €,σε 5 καταστήματα,4.0,6,Μεμβράνης,0
Roccat Suora FX,149.00 €,στο Bestdeals,5.0,2,Custom Mechanical,0
A4Tech Bloody B314,30.52 €,σε 2 καταστήματα,4.7,3,Custom Mechanical,0
Gamesir VX AimSwitch,119.90 €,στο Kooqie,5.0,1,Custom Blue,0
Redragon Aryaman K569,68.00 €,στο Hightech,5.0,1,Outemu Blue,0
A4Tech Bloody B975 (LK Libra Brown),77.90 €,σε 20 καταστήματα,5.0,1,LK Libra Brown,0
Logitech G910 Orion Spectrum,125.00 €,σε 4 καταστήματα,4.1,24,Romer-G Tactile,0
Motospeed K82 Pink (Outemu Red),44.00 €,σε 5 καταστήματα,4.8,12,Outemu Red,2
Gembird KB-UML3-01,8.72 €,σε 10 καταστήματα,3.8,6,Μεμβράνης,2
Motospeed CK101 White (Outemu Blue),39.60 €,σε 7 καταστήματα,4.0,22,Outemu Blue,2
MSI GK-701,119.00 €,σε 2 καταστήματα,5.0,2,Cherry MX Brown,0
Trust GXT 890,67.00 €,σε 3 καταστήματα,4.0,21,Outemu Red,0
SteelSeries Apex 3,78.90 €,σε 15 καταστήματα,0.0,,Μεμβράνης,0
Dell Alienware AW510K Lunar Light,134.37 €,σε 14 καταστήματα,0.0,,Cherry MX Red Low Profile,0
Redragon K576-R,46.90 €,στο Techaway,4.3,3,Custom Blue,0
A4Tech Bloody B860,59.90 €,σε 5 καταστήματα,5.0,1,LK Blue,0
Hori Tactical Assault Commander New Tac 4,99.64 €,σε 10 καταστήματα,4.5,2,Custom Mechanical,0
A4Tech Bloody B2278,29.90 €,σε 2 καταστήματα,4.2,5,Custom Mechanical,0
Motospeed CK95,45.50 €,στο Electro Market,4.2,5,Outemu Blue,0
Weibo WB-539,17.99 €,σε 5 καταστήματα,5.0,1,Μεμβράνης,0
CoolerMaster MasterKeys MK750,129.00 €,σε 4 καταστήματα,5.0,1,Cherry MX Brown,0
HP Pavilion Gaming Keyboard 500,43.67 €,σε 17 καταστήματα,3.0,3,Custom Red,0
Trust GXT 850 Metal,39.90 €,στο Mygad,4.7,3,Φωτιζόμενα Πλήκτρα,0
Redragon Yaksa,42.00 €,στο Hightech,4.7,3,Φωτιζόμενα Πλήκτρα,0
Cougar Puri TKL (Cherry MX White),80.90 €,στο PC1,5.0,1,Cherry MX White,0
Sharkoon PureWriter RGB (Kailh Red),79.12 €,σε 4 καταστήματα,4.5,2,Kailh Red,0
Sound Friend SF-K003,8.90 €,στο E-monster,5.0,2,Μεμβράνης,0
Armaggeddon Psych Raven,37.80 €,σε 14 καταστήματα,3.0,1,Custom Blue,0
SteelSeries Apex 150,69.00 €,σε 3 καταστήματα,4.1,7,Μεμβράνης,0
SteelSeries Apex 7 TKL (Steelseries Red),149.90 €,σε 10 καταστήματα,4.0,1,SteelSeries Red,0
A4Tech B3370R,34.49 €,στο Gamefreak,4.0,1,Custom Mechanical,0
SilentiumPC GK530 Tournament (Kailh Blue),51.00 €,στο Bitprice,0.0,,Kailh Blue,0
Redragon Yama,86.00 €,στο PcBonus,5.0,7,Custom Brown,0
Razer Cynosa Lite & Abyssus Lite Bundle,75.00 €,στο TonerHouse,4.0,3,Φωτιζόμενα Πλήκτρα,0
Zeroground KB-1500GUMS,35.00 €,στο NotesTechnologias,4.1,70,Φωτιζόμενα Πλήκτρα,0
Havit KB435L,49.00 €,σε 4 καταστήματα,4.0,2,Custom Mechanical,0
Motospeed CK666,42.19 €,σε 10 καταστήματα,3.8,18,Outemu Blue,0
Spirit of Gamer Pro Gaming Pack 3 in 1,30.70 €,σε 15 καταστήματα,0.0,,Μεμβράνης,0
Sandberg Hailstorm Mech Keyboard Uk,81.58 €,σε 5 καταστήματα,5.0,1,Outemu Blue,0
Spirit of Gamer CLA-XK500,44.50 €,σε 14 καταστήματα,0.0,,Custom Mechanical,0
Motospeed K83 (Outemu Red),32.68 €,σε 11 καταστήματα,3.7,29,Outemu Red,0
Q-801,17.77 €,σε 14 καταστήματα,3.5,2,Μεμβράνης,0
CoolerMaster Suppressor,39.80 €,στο PC1,4.3,24,Μεμβράνης,0
Fury Spitfire RGB,13.29 €,σε 6 καταστήματα,4.5,2,Μεμβράνης,0
Corsair K83 Wireless Entertainment,102.90 €,σε 13 καταστήματα,0.0,,Μεμβράνης,0
Armaggeddon AK-666SFX,17.50 €,σε 10 καταστήματα,4.0,2,Μεμβράνης,0
Genesis RHOD 110,8.99 €,σε 3 καταστήματα,5.0,1,Μεμβράνης,0
Motospeed GK89 Black (Outemu Black),45.00 €,σε 6 καταστήματα,4.0,1,Outemu Black,0
Natec Hellfire 2,8.46 €,σε 10 καταστήματα,0.0,,Μεμβράνης,0
Marvo KG929,19.90 €,σε 2 καταστήματα,5.0,1,Μεμβράνης,0
Rebeltec Maximus,15.40 €,σε 8 καταστήματα,4.3,4,Μεμβράνης,0
A4Tech B120,33.90 €,στο PC1,5.0,2,Μεμβράνης,0
Armaggeddon AK-566i,35.00 €,στο Mega salapatas,4.4,5,Μεμβράνης,0
Motospeed K96 Camo (Outemu Blue),49.02 €,σε 13 καταστήματα,4.4,24,Outemu Blue,2
Motospeed K82 Pink (Outemu Blue),43.66 €,σε 12 καταστήματα,4.8,12,Outemu Blue,2
Motospeed Inflictor CK104 RGB Red (Outemu Black),33.10 €,σε 9 καταστήματα,4.7,914,Outemu Black,2
Motospeed CK101 White (Outemu Red),40.00 €,σε 6 καταστήματα,4.0,22,Outemu Red,2
Motospeed CK101 Black (Outemu Blue),39.00 €,σε 8 καταστήματα,4.0,22,Outemu Blue,2
Rebeltec Interceptor,19.50 €,σε 7 καταστήματα,4.0,2,Μεμβράνης,0
White Shark Viking 2,14.11 €,σε 11 καταστήματα,0.0,,Μεμβράνης,0
Lamtech LAM021226,11.04 €,σε 8 καταστήματα,0.0,,Φωτιζόμενα Πλήκτρα,0
SteelSeries Apex 100,49.90 €,στο PowerUser,4.4,5,Μεμβράνης,0
Defender Xenda Combo MKP-008,25.15 €,σε 9 καταστήματα,0.0,,Μεμβράνης,0
Genius K5,14.00 €,σε 13 καταστήματα,4.2,5,Μεμβράνης,0
Razer DeathStalker Essential (US),44.90 €,σε 4 καταστήματα,4.5,11,Μεμβράνης,0
Genesis RHOD 420 RGB,22.46 €,σε 3 καταστήματα,3.8,5,Μεμβράνης,0
Marvo CM370,29.50 €,σε 4 καταστήματα,3.8,4,Μεμβράνης,0
Element KB-1000G,15.90 €,σε 10 καταστήματα,3.9,48,Μεμβράνης,0
Rebeltec Fighter,27.78 €,σε 7 καταστήματα,5.0,1,Φωτιζόμενα Πλήκτρα,0
Logic LK-21,4.66 €,σε 2 καταστήματα,4.7,3,Full Size,0
Trust GXT 845 Tural,40.00 €,στο e-God,4.3,3,Φωτιζόμενα Πλήκτρα,0
Redragon Vara RGB,55.00 €,στο Hightech,5.0,1,Custom Blue,0
Trust Rgb Wired Keyboard Black,22.80 €,σε 8 καταστήματα,0.0,,Φωτιζόμενα Πλήκτρα,0
CoolerMaster MasterKeys Pro L RGB (Cherry MX Red),175.00 €,στο PC1,4.4,5,Cherry MX Red,0
Omega Varr RGB,12.00 €,σε 7 καταστήματα,3.0,1,Μεμβράνης,0
HP Pavilion Gaming Keyboard 800,66.35 €,σε 10 καταστήματα,0.0,,Custom Mechanical,0
Razer Cynosa V2,68.50 €,σε 6 καταστήματα,0.0,,Φωτιζόμενα Πλήκτρα,0
iMice AK-700,18.99 €,σε 13 καταστήματα,0.0,,Μεμβράνης,0
SteelSeries Apex 7,159.98 €,σε 11 καταστήματα,3.0,2,SteelSeries Red,0
iMice AN-300-X7,18.96 €,σε 3 καταστήματα,4.0,1,Φωτιζόμενα Πλήκτρα,0
Spirit of Gamer Single Hand,39.90 €,σε 11 καταστήματα,0.0,,Custom Mechanical,0
iMice AK-200,17.60 €,σε 8 καταστήματα,0.0,,Φωτιζόμενα Πλήκτρα,0
Fury Typhoon,4.56 €,στο Techstores,5.0,1,Φωτιζόμενα Πλήκτρα,0
Motospeed K96 CamoGreen (Outemu Black),39.52 €,σε 7 καταστήματα,4.4,24,Outemu Black,0
Zeroground Taigen KB-2000G,71.99 €,σε 2 καταστήματα,4.2,10,Custom Mechanical,0
Defender Killing Storm Combo MKP-013L,34.75 €,σε 7 καταστήματα,0.0,,Μεμβράνης,0
Motospeed K96 Black (Red Switches),42.82 €,σε 8 καταστήματα,4.4,24,Custom Red,0
Havit HV-KB675CM,49.00 €,σε 5 καταστήματα,3.5,2,Φωτιζόμενα Πλήκτρα,0
Motospeed K22 (Outemu Blue),16.69 €,σε 8 καταστήματα,0.0,,Outemu Blue,0
HyperX Alloy Origins Core Mechanical Gaming Keyboard (HyperX Aqua),109.99 €,στο Msystems,4.0,1,HyperX Aqua,0
HyperX Alloy Origins (HyperX Red),109.00 €,σε 6 καταστήματα,5.0,8,HyperX Red,0
Defender GK-170L,34.99 €,σε 8 καταστήματα,0.0,,Custom Mechanical,0
Canyon Nightflyer Gaming Set,65.00 €,σε 6 καταστήματα,0.0,,Φωτιζόμενα Πλήκτρα,0
Defender GK-150DL,26.27 €,σε 8 καταστήματα,0.0,,Μεμβράνης,0
Armaggeddon AK-300X,9.71 €,σε 12 καταστήματα,0.0,,Μεμβράνης,0
Canyon Leonof Gaming Set Black/Orange,39.99 €,σε 6 καταστήματα,0.0,,Φωτιζόμενα Πλήκτρα,0
Canyon Fobos Black-Orange,21.90 €,σε 7 καταστήματα,0.0,,Φωτιζόμενα Πλήκτρα,0
SpeedLink Ultor Illuminated,92.70 €,σε 3 καταστήματα,5.0,1,Kailh Red,0
HP Encoder (Cherry MX Red),123.00 €,σε 8 καταστήματα,0.0,,Cherry MX Red,0
Havit HV-KB500L,15.20 €,σε 4 καταστήματα,0.0,,Μεμβράνης,0
Asus Cerberus MK II,39.99 €,στο Media Markt,5.0,1,Φωτιζόμενα Πλήκτρα,0
Armaggeddon MKO 13R Enterprise White,69.24 €,σε 8 καταστήματα,5.0,1,Custom Mechanical,2
Motospeed K82 Black (Outemu Red),37.97 €,σε 7 καταστήματα,4.8,12,Outemu Red,2
Motospeed CK101 Black (Outemu Red),39.00 €,σε 7 καταστήματα,4.0,22,Outemu Red,2
Motospeed Inflictor CK104 RGB Red (Outemu Brown),35.89 €,σε 7 καταστήματα,4.7,914,Outemu Brown,2
Esperanza Shadow Red,7.23 €,σε 7 καταστήματα,0.0,,Μεμβράνης,2
Ducky One 2 RGB TKL (Cherry MX Red),169.90 €,σε 2 καταστήματα,0.0,,Cherry MX Red,0
CoolerMaster MasterSet MS120 RGB,66.75 €,στο MG Manager,4.0,7,Φωτιζόμενα Πλήκτρα,0
Logitech G815 Lightsync RGB (GL Tactile),179.90 €,σε 7 καταστήματα,5.0,1,GL Tactile,0
Esperanza NINJA,9.30 €,σε 3 καταστήματα,4.0,1,Full Size,0
Motospeed K96 CamoOrange (Outemu Brown),42.18 €,σε 6 καταστήματα,4.4,24,Outemu Brown,0
iMice MK-X80 (Custom Blue),54.43 €,σε 6 καταστήματα,0.0,,Custom Blue,0
Baseus Gamo,34.90 €,σε 6 καταστήματα,0.0,,Custom Mechanical,0
Canyon Nightfall Black-Gray,51.99 €,σε 5 καταστήματα,0.0,,Φωτιζόμενα Πλήκτρα,0
Canyon Hazard,39.99 €,σε 5 καταστήματα,0.0,,Φωτιζόμενα Πλήκτρα,0
Corsair Strafe RGB MK.2 Mechanical,159.00 €,σε 3 καταστήματα,4.0,2,Cherry MX Silent Red,0
HP Encoder (Cherry MX Brown),123.00 €,σε 7 καταστήματα,0.0,,Cherry MX Brown,0
Havit HV-KB492L,45.00 €,σε 6 καταστήματα,0.0,,Custom Mechanical,0
Havit HV-KB488L,19.90 €,σε 3 καταστήματα,0.0,,Μεμβράνης,0
Motospeed Κ23,19.90 €,σε 2 καταστήματα,4.0,3,Kailh Box White,0
Motospeed CK888 (Outemu Green),46.70 €,σε 5 καταστήματα,4.4,82,Outemu Green,0
Havit HV-KB432L,55.00 €,σε 6 καταστήματα,0.0,,Outemu Blue,0
Redragon Vata K580,61.00 €,στο Hightech,4.0,2,Outemu Blue,0
Xtrike Me KB-505,10.90 €,σε 7 καταστήματα,0.0,,Μεμβράνης,0
Natec Fury Typhoon,7.80 €,σε 4 καταστήματα,0.0,,Μεμβράνης,0
SteelSeries Apex M750,109.99 €,σε 6 καταστήματα,3.7,9,SteelSeries QX2,0
Motospeed CK104 Orion Special Edition Red (Outemu Red),37.00 €,σε 5 καταστήματα,4.9,13,Outemu Red,0
Motospeed CK99 RGB (Outemu Blue),57.89 €,σε 7 καταστήματα,5.0,1,Outemu Blue,0
Spirit of Gamer Antighosting 4,18.54 €,σε 8 καταστήματα,0.0,,Μεμβράνης,0
White Shark Cherokee,21.50 €,σε 2 καταστήματα,4.0,1,Μεμβράνης,0
Zalman ZM-K900M,93.90 €,στο PC1,5.0,1,Kailh Blue,0
Motospeed CK88 (Outemu Black),58.30 €,σε 6 καταστήματα,4.0,1,Outemu Black,0
Sharkoon PureWriter RGB (Kailh Blue),76.10 €,σε 6 καταστήματα,4.5,2,Kailh Blue,0
Rebeltec Oppressor,11.16 €,σε 2 καταστήματα,3.7,3,Μεμβράνης,0
CoolerMaster MasterKeys MK850,189.91 €,σε 3 καταστήματα,3.7,3,Cherry MX Red,0
Motospeed CK99 RGB (LK Libra Orange),55.33 €,σε 5 καταστήματα,5.0,1,LK Libra Orange,0
Ducky One 2 RGB TKL (Cherry MX Brown),169.00 €,σε 2 καταστήματα,0.0,,Cherry MX Brown,0
Motospeed CK103 Side Laser (Outemu Red),52.04 €,σε 6 καταστήματα,5.0,2,Outemu Red,0
Xtrike Me CM-404,29.90 €,σε 5 καταστήματα,0.0,,Μεμβράνης,0
Corsair K70 Lux (Cherry MX Red),175.00 €,στο Allaboutoffice,4.6,28,Cherry MX Red,0
Esperanza Tirions Green,5.95 €,σε 8 καταστήματα,0.0,,Μεμβράνης,0
Motospeed GK82 Pink (Outemu Blue),45.00 €,σε 5 καταστήματα,5.0,4,Outemu Blue,0
Weibo FC-536,8.00 €,σε 3 καταστήματα,0.0,,Full Size,0
iMice AK-800,16.24 €,σε 4 καταστήματα,0.0,,Φωτιζόμενα Πλήκτρα,0
Motospeed GK82 (Outemu Black),46.24 €,σε 4 καταστήματα,5.0,4,Outemu Black,0
Havit KB462L,65.00 €,σε 5 καταστήματα,0.0,,Custom Mechanical,0
Corsair 3-in-1 Gaming Bundle,97.50 €,σε 3 καταστήματα,3.0,2,Μεμβράνης,0
Ducky One 2 RGB (Cherry MX Brown),159.90 €,σε 2 καταστήματα,0.0,,Cherry MX Brown,0
Redragon Asura Black,25.90 €,σε 5 καταστήματα,4.3,4,Μεμβράνης,2
Roccat Isku FX White,65.69 €,σε 5 καταστήματα,4.3,3,Μεμβράνης,2
Motospeed CK80 Black (Custom Gold),57.02 €,σε 3 καταστήματα,5.0,2,Custom Gold,2
Motospeed K96 CamoOrange (Outemu Red),42.18 €,σε 5 καταστήματα,4.4,24,Outemu Red,2
Trust GXT 830-RW Avonn Camo,20.90 €,σε 6 καταστήματα,4.7,6,Μεμβράνης,2
Xtrike Me KB-705 Black,16.80 €,σε 3 καταστήματα,0.0,,Μεμβράνης,2
Havit HV-KB486L,25.00 €,σε 4 καταστήματα,0.0,,Μεμβράνης,0
Ducky One 2 RGB TKL (Cherry MX Blue),169.90 €,στο Gaming Galaxy,0.0,,Cherry MX Blue,0
Ducky One 2 RGB TKL (Cherry MX Silver),169.90 €,στο Gaming Galaxy,0.0,,Cherry MX Silver,0
Ducky One 2 SF (Cherry MX Blue),149.90 €,στο Gaming Galaxy,0.0,,Cherry MX Blue,0
Ducky One 2 SF (Cherry MX Silent Red),149.90 €,στο Gaming Galaxy,0.0,,Cherry MX Silent Red,0
Ducky One 2 Mini RGB (Cherry MX Silent Red),144.90 €,στο Gaming Galaxy,0.0,,Cherry MX Silent Red,0
Savio Tempest RX Blue (Outemu Blue),28.38 €,σε 2 καταστήματα,0.0,,Outemu Blue,0
White Shark Gladiator 2,19.99 €,στο Media Markt,0.0,,Μεμβράνης,0
White Shark Legionnaire (Outemu Blue),47.99 €,στο Media Markt,0.0,,Outemu Blue,0
Marvo KG922,29.90 €,στο Nok-Shop,4.0,4,Custom Mechanical,0
iMice AK-600,14.85 €,σε 8 καταστήματα,0.0,,Μεμβράνης,0
HyperX HyperX Alloy Elite 2 (HyperX Red),159.99 €,στο Msystems,0.0,,HyperX Red,0
Remax XII-J590,48.90 €,σε 7 καταστήματα,0.0,,Μεμβράνης,0
Remax XII-J588,44.40 €,σε 7 καταστήματα,0.0,,Custom Mechanical,0
Remax XII-J599,53.20 €,σε 7 καταστήματα,0.0,,Custom Mechanical,0
MSI Vigor GK50 Low Profile (Kailh Box White),92.00 €,σε 2 καταστήματα,0.0,,Kailh Box White,0
Logic LC-STARR-TWO,12.65 €,σε 2 καταστήματα,0.0,,Φωτιζόμενα Πλήκτρα,0
Cougar 700K,179.00 €,στο Bestdeals,5.0,1,Cherry MX Red,0
Spartan Gear Chimera,17.98 €,σε 11 καταστήματα,3.2,5,Μεμβράνης,0
Logitech G915 TKL (GL Tactile),229.00 €,στο Websupplies,0.0,,GL Tactile,0
Andowl Q-803,23.99 €,σε 6 καταστήματα,0.0,,Μεμβράνης,0
Modecom MC-5008,14.44 €,σε 2 καταστήματα,0.0,,Φωτιζόμενα Πλήκτρα,0
Trust GXT 870,59.98 €,σε 2 καταστήματα,4.0,5,GTX White,0
Weibo WB-580,16.69 €,σε 4 καταστήματα,0.0,,Φωτιζόμενα Πλήκτρα,0
CoolerMaster CK530 (Gateron Brown),85.54 €,σε 3 καταστήματα,5.0,3,Gateron Brown,0
Xtrike Me GK-907,45.00 €,σε 5 καταστήματα,0.0,,Μεμβράνης,0
Marvo KG909,37.30 €,σε 4 καταστήματα,0.0,,Outemu Blue,0
CoolerMaster Devastator 3 Plus,49.90 €,στο You,0.0,,Φωτιζόμενα Πλήκτρα,0
FanTech Fighter K611,18.00 €,σε 7 καταστήματα,3.6,7,Μεμβράνης,0
iMice KM-680,17.60 €,στο Cosmoprice,0.0,,Φωτιζόμενα Πλήκτρα,0
Genesis Thor 420 RGB (Custom Blue),52.23 €,στο PC1,0.0,,Custom Blue,0
Esperanza Aspis,4.66 €,στο PC1,0.0,,Μεμβράνης,0
Logitech G513 Carbon (Romer-G Linear),139.00 €,στο Media Markt,4.5,24,Romer-G Linear,0
Omega Varr VMK3BK11,39.85 €,σε 7 καταστήματα,0.0,,Jixian Blue,0
Cougar Vantar MX (Custom Red),46.27 €,στο PC1,0.0,,Custom Red,0
Docooler HXSJ V100,45.90 €,στο Nextspot Store,0.0,,Μεμβράνης,0
Motospeed GK81 (Custom Blue),62.90 €,στο TechFace,0.0,,Custom Blue,0
Motospeed K96 Grey (Zeus Optical),38.99 €,σε 3 καταστήματα,4.4,24,Zeus Optical,0
Lenovo Legion K500 RGB,115.90 €,σε 4 καταστήματα,0.0,,Outemu Red,0
Havit KB-78162,12.90 €,σε 14 καταστήματα,4.0,1,Μεμβράνης,0
Havit G400V,14.89 €,σε 6 καταστήματα,4.5,2,Μεμβράνης,0
Esperanza Shadow Green,7.23 €,σε 5 καταστήματα,0.0,,Μεμβράνης,2
Motospeed CK80 Silver (Custom Gold),49.00 €,σε 6 καταστήματα,5.0,2,Custom Gold,2
Redragon Asura White,26.00 €,σε 3 καταστήματα,4.3,4,Μεμβράνης,2
Sbox K-15 Red,8.49 €,σε 3 καταστήματα,0.0,,Μεμβράνης,2
Corsair K95 RGB Platinum Black (Cherry MX Speed),198.00 €,σε 4 καταστήματα,4.6,18,Cherry MX Speed,2
Gembird KB-UML3-01-W,9.15 €,σε 7 καταστήματα,3.8,6,Μεμβράνης,2
Motospeed CK80 (Custom Silver),58.90 €,στο Websupplies,5.0,2,Custom Silver,2
Sades K13 Sickle (Kailh Blue),39.90 €,σε 4 καταστήματα,4.0,1,Kailh Blue,0
Logitech G915 TKL (GL Linear),229.00 €,στο Websupplies,0.0,,GL Linear,0
Logitech G915 TKL (GL Clicky),229.00 €,στο Websupplies,0.0,,GL Clicky,0
Turbo-X Nemesis N60 (Custom Blue),49.90 €,στο Plaisio,0.0,,Custom Blue,0
Glorious PC Gaming Race The GMMK TKL (Gateron Brown),129.99 €,στο SalasHeadphones,0.0,,Gateron Brown,0
Gamesir VX2 AimSwitch (Custom Red),149.90 €,στο Kooqie,0.0,,Custom Red,0
Motospeed GK89 (Outemu Blue),53.61 €,σε 3 καταστήματα,4.0,1,Outemu Blue,0
Active Jet K-6002,26.23 €,στο Gamefreak,0.0,,Φωτιζόμενα Πλήκτρα,0
Turbo-X Sirin II,29.90 €,στο Plaisio,0.0,,Φωτιζόμενα Πλήκτρα,0
Aula F2058 (Black Switch),40.00 €,στο Ichip,0.0,,Custom Mechanical,0
R-Horse FC-723,22.89 €,σε 3 καταστήματα,3.5,2,Μεμβράνης,0
Motospeed K11 Green,26.23 €,σε 3 καταστήματα,0.0,,Μεμβράνης,0
Motospeed K95 (Outemu Red),29.79 €,σε 3 καταστήματα,4.1,7,Outemu Red,0
Aula F2058 (Blue Switch),40.00 €,στο Ichip,0.0,,Custom Blue,0
Aula S2016 (Blue Switch) Silver,35.00 €,στο Ichip,0.0,,Custom Blue,0
QPAD MK40,59.90 €,στο Electroland,0.0,,Φωτιζόμενα Πλήκτρα,0
Blow KP-105,11.90 €,στο Klstore,0.0,,Full Size,0
Zeroground K33,19.79 €,σε 4 καταστήματα,3.3,3,Μεμβράνης,0
CoolerMaster CK350 (Outemu Red),67.22 €,σε 3 καταστήματα,5.0,5,Outemu Red,0
Motospeed K95 (Outemu Black),29.79 €,σε 3 καταστήματα,4.1,7,Outemu Black,0
Esperanza Tirions Blue,6.02 €,σε 5 καταστήματα,3.0,1,Φωτιζόμενα Πλήκτρα,0
Logitech G815 Lightsync RGB (GL Linear),213.30 €,στο MG Manager,5.0,1,GL Linear,0
QPAD MK95 Pro,199.00 €,στο Electroland,0.0,,Φωτιζόμενα Πλήκτρα,0
MSI Vigor GK60,77.99 €,σε 3 καταστήματα,0.0,,Cherry MX Red,0
Esperanza Vortex,26.67 €,σε 3 καταστήματα,0.0,,Custom Mechanical,0
Corsair K70 RGB MK.2 SE White (Cherry MX Speed),225.00 €,στο Bestdeals,3.0,1,Cherry MX Speed,0
Trust GXT 285 Advanced,39.80 €,στο Mythiki,5.0,1,Μεμβράνης,0
Tracer Ofis,5.26 €,σε 2 καταστήματα,0.0,,Μεμβράνης,0
Defender SM-950,13.90 €,στο NowLoading,0.0,,Full Size,0
Marvo KG914,35.50 €,στο LT Computers,0.0,,Custom Blue,0
Havit KB473L,99.00 €,σε 3 καταστήματα,0.0,,Custom Mechanical,0
Razer Huntsman Gears 5 Edition (Razer Clicky),119.00 €,στο Specialprice,0.0,,Razer Clicky,0
Aula Moon Slasher,20.39 €,σε 3 καταστήματα,0.0,,Φωτιζόμενα Πλήκτρα,0
Krom Kuma,76.10 €,στο 3dmall,0.0,,Φωτιζόμενα Πλήκτρα,0
Esperanza Kestrel,12.99 €,σε 9 καταστήματα,0.0,,Μεμβράνης,0
Motospeed CK88 (Outemu Red),79.47 €,στο Tokinito,4.0,1,Outemu Red,0
Das KeyBoard 4 Ultimate (Cherry MX Blue),165.00 €,σε 3 καταστήματα,5.0,1,Cherry MX Blue,0
Patriot Viper V765,90.57 €,σε 3 καταστήματα,0.0,,Kailh Box Red,0
CoolerMaster MasterKeys Pro L RGB (Cherry MX Brown),159.80 €,στο PC1,4.4,5,Cherry MX Brown,0
Motospeed CK700 Pink (Zeus Optical),54.64 €,σε 2 καταστήματα,0.0,,Zeus Optical,0
Omega Varr RGB VMK88B,39.90 €,στο Media Center,0.0,,Xinda Blue,0
Razer Blackwidow Chroma Tournament Edition v2 (Yellow Switches),139.00 €,στο Bestdeals,0.0,,Razer Yellow,0
iMice AN-300,14.00 €,σε 3 καταστήματα,0.0,,Μεμβράνης,0
Roccat Vulcan 80,155.00 €,στο Bestdeals,4.0,1,Titan Tactile,0
Blow V3,24.90 €,σε 2 καταστήματα,0.0,,Μεμβράνης,0
Razer Huntsman Mercury,219.99 €,στο Media Markt,4.5,27,Razer Clicky,3
Sbox K-15 Blue,8.49 €,σε 3 καταστήματα,0.0,,Μεμβράνης,2
Motospeed K96 White (Outemu Red),50.83 €,στο Ledcity,4.4,24,Outemu Red,2
Omega VARR Neon,64.90 €,σε 2 καταστήματα,0.0,,Jixian Blue,0
Geeklin Mechanical Gaming Keyboard,78.86 €,σε 2 καταστήματα,0.0,,Custom Mechanical,0
Logitech G512 (GX Brown),119.90 €,στο Websupplies,0.0,,GX Brown,0
Xtrike Me CM-400,32.00 €,σε 4 καταστήματα,0.0,,Μεμβράνης,0
HyperX Alloy Elite RGB (Cherry MX Blue),124.84 €,σε 2 καταστήματα,5.0,4,Cherry MX Blue,0
Yenkee Ambush Gaming Set,54.50 €,σε 3 καταστήματα,0.0,,Μεμβράνης,0
Corsair K95 RGB Platinum XT,272.00 €,στο Unimax,3.0,2,Cherry MX Speed,0
Sandberg RageStorm Mech,44.60 €,στο Play247,0.0,,Outemu Blue,0
Riotoro Ghostwriter Elite (Cherry MX Brown),150.00 €,στο WOW! Computers Supplies,0.0,,Cherry MX Brown,0
Logitech G512 (GX Red),119.90 €,σε 2 καταστήματα,0.0,,GX Red,0
Das KeyBoard Wired Prime 13,142.85 €,σε 2 καταστήματα,0.0,,Cherry MX Brown,0
CoolerMaster SK630,124.91 €,σε 4 καταστήματα,0.0,,Cherry MX Red Low Profile,0
Gembird KBS-WMG-01,20.60 €,σε 4 καταστήματα,4.0,3,Μεμβράνης,0
Modecom Volcano Hammer RGB (Outemu Red),23.00 €,σε 4 καταστήματα,0.0,,Outemu Red,0
Tracer Gamezone Lightray,10.52 €,σε 4 καταστήματα,0.0,,Μεμβράνης,0
Remax XII-J566,47.40 €,σε 9 καταστήματα,0.0,,Custom Mechanical,0
Genius Scorpion K220,20.00 €,στο Tetrabyte,0.0,,Μεμβράνης,0
Motospeed K96 Black (MS Brown Switches),49.85 €,στο Kaizergaming,4.4,24,Φωτιζόμενα Πλήκτρα,0
Gamdias Ares P1,28.99 €,σε 4 καταστήματα,0.0,,Μεμβράνης,0
Tronsmart TK09R RGB,69.01 €,στο Hellas Digital,4.0,1,Outemu Blue,0
Natec Cobalt 300,55.00 €,στο Tetrabyte,0.0,,Φωτιζόμενα Πλήκτρα,0
Redragon S108,55.00 €,στο Hightech,0.0,,Φωτιζόμενα Πλήκτρα,0
White Shark Gladiator,17.60 €,σε 11 καταστήματα,0.0,,Μεμβράνης,0
Motospeed CK88 (Outemu Blue),58.70 €,σε 5 καταστήματα,4.0,1,Outemu Blue,0
Marvo K636,14.88 €,σε 7 καταστήματα,3.5,2,Μεμβράνης,0
SteelSeries Apex 7 TKL (Steelseries Blue),189.00 €,στο Bestdeals,4.0,1,SteelSeries Blue,0
Gembird KBS-UMG-01,15.70 €,σε 13 καταστήματα,3.0,1,Μεμβράνης,0
CoolerMaster CK350 (Outemu Blue),64.44 €,στο MG Manager,5.0,5,Outemu Blue,0
Adata XPG Summoner (Cherry MX Red),92.06 €,στο MG Manager,5.0,1,Cherry MX Red,0
MSI Vigor GK30 Combo,67.89 €,στο MG Manager,0.0,,Φωτιζόμενα Πλήκτρα,0
Dell Alienware Advanced Gaming Keyboard AW568,65.00 €,σε 2 καταστήματα,4.0,2,Custom Brown,0
ADX ADXCOM19,39.99 €,στο Kotsovolos,0.0,,Μεμβράνης,0
Logitech G513 (GX Brown),181.00 €,στο Unimax,0.0,,GX Brown,0
Adata XPG Summoner (Cherry MX Blue),93.69 €,στο MG Manager,5.0,1,Cherry MX Blue,0
Weibo Dark Hero WB-100,13.99 €,σε 2 καταστήματα,3.5,2,Μεμβράνης,0
Gamdias Poseidon E1,27.90 €,σε 4 καταστήματα,0.0,,Μεμβράνης,0
Esperanza Tirions Red,5.95 €,σε 3 καταστήματα,3.0,1,Φωτιζόμενα Πλήκτρα,0
Thermaltake Level 20 RGB (Cherry MX Blue),124.25 €,στο PC1,0.0,,Cherry MX Blue,0
Armaggeddon MKA-9C Psychraptor (Kailh Brown),82.00 €,στο Game-Show,0.0,,Kailh Brown,0
FanTech K10,10.70 €,σε 3 καταστήματα,3.8,8,Μεμβράνης,0
Gigabyte Force K81,49.90 €,στο Msystems,0.0,,Kailh Red,0
Redragon K565R Rudra,43.00 €,στο Hightech,0.0,,Outemu Blue,0
Motospeed CK94,59.26 €,σε 9 καταστήματα,3.0,1,Kailh Short,0
A4Tech B760,47.50 €,σε 3 καταστήματα,0.0,,LK Libra Orange,0
Corsair K95 RGB Platinum Gunmetal (Cherry MX Brown),269.00 €,στο Bestdeals,4.6,18,Cherry MX Speed,2
Motospeed K96 White (Outemu Blue),39.90 €,στο TechFinder,4.4,24,Outemu Blue,2
Motospeed CK89 Pink (Kaili Box White),70.24 €,σε 2 καταστήματα,5.0,2,Kailh Box White,2
Xtrike Me KB-705 White,17.90 €,στο The Console Club,0.0,,Μεμβράνης,2
Das KeyBoard 4 Ultimate,153.39 €,σε 3 καταστήματα,0.0,,Cherry MX Brown,0
Esperanza Seaker Black/Green,7.50 €,σε 2 καταστήματα,4.0,1,Μεμβράνης,0
Rebeltec BigFONT,18.99 €,στο MrBig,0.0,,Μεμβράνης,0
Dragon War Desert Eagle,19.90 €,στο Gameland,0.0,,Μεμβράνης,0
Omega Varr Fighter 2,44.75 €,στο Epafi,0.0,,Xinda Blue,0
Xtrike Me KB-302,9.99 €,σε 2 καταστήματα,0.0,,Μεμβράνης,0
Mobilis Keywin Ak47,26.90 €,σε 2 καταστήματα,0.0,,Custom Mechanical,0
Wesdar MK4,13.90 €,σε 2 καταστήματα,0.0,,Μεμβράνης,0
Redragon Rahu,69.00 €,στο Hightech,0.0,,Outemu Blue,0
Sades BNDL-0004,183.47 €,στο 3dmall,0.0,,Custom Blue,0
Sandberg FireStorm Mech,70.70 €,σε 2 καταστήματα,0.0,,Outemu Blue,0
Dragon War GKM-001,52.09 €,στο 8com,0.0,,Μεμβράνης,0
Thermaltake Level 20 RGB (Cherry MX Speed),126.79 €,σε 2 καταστήματα,0.0,,Cherry MX Speed,0
Genius K20,31.10 €,σε 10 καταστήματα,0.0,,Μεμβράνης,0
FanTech MVP-861 Commander,68.20 €,στο Laptopolis,0.0,,Outemu Blue,0
Sandberg Gaming Starter Kit Nordic,49.90 €,στο Market24,0.0,,Μεμβράνης,0
Sandberg IronStorm 640-15,36.00 €,σε 2 καταστήματα,0.0,,Μεμβράνης,0
Logitech G915 Lightspeed (GL Tactile),241.28 €,σε 2 καταστήματα,5.0,5,GL Tactile,0
Asus TUF Gaming K7,129.00 €,στο You,0.0,,TUF Linear,0
AS-808 E-SPORTS,50.00 €,σε 2 καταστήματα,0.0,,Outemu Red,0
A4Tech B180 RGB,31.50 €,σε 2 καταστήματα,0.0,,Μεμβράνης,0
Aerocool TK15,12.34 €,σε 2 καταστήματα,0.0,,Μεμβράνης,0
Thermaltake Meka Pro Lite,85.90 €,στο PC1,0.0,,Cherry MX Blue,0
Tracer Gamezone Hellway X,23.50 €,σε 2 καταστήματα,0.0,,Μεμβράνης,0
Thermaltake Neptune PRO,70.92 €,σε 2 καταστήματα,0.0,,TTC Brown,0
Genesis Thor 300 (Outemu Red),31.89 €,σε 2 καταστήματα,3.3,22,Outemu Red,0
Lenovo Legion K200,31.91 €,σε 4 καταστήματα,0.0,,Μεμβράνης,0
Das KeyBoard 4 Professional for Mac (Cherry MX Blue),149.68 €,σε 2 καταστήματα,0.0,,Cherry MX Blue,0
Asus ROG Strix Scope,182.29 €,στο MG Manager,0.0,,Φωτιζόμενα Πλήκτρα,0
Marvo Combo KM400 & G1,28.52 €,σε 5 καταστήματα,3.5,2,Μεμβράνης,0
Sandberg Gaming Starter Kit,72.99 €,στο Profesor,0.0,,Μεμβράνης,0
Esperanza Shelter,21.90 €,στο Monsters,4.0,1,Μεμβράνης,0
Nedis GKBD200BKUS,33.90 €,στο Techartland,0.0,,Μεμβράνης,0
Keep Out F115,89.90 €,στο 3dmall,0.0,,Μεμβράνης,0
Xtrike Me GK-901,33.00 €,στο A-store,0.0,,Μεμβράνης,0
Fury Hurricane Tkl Rainbow,11.87 €,σε 3 καταστήματα,0.0,,Φωτιζόμενα Πλήκτρα,0
Yenkee Hornet,39.90 €,σε 3 καταστήματα,0.0,,Μεμβράνης,0
Roccat Ryos TKL Pro,159.20 €,στο ITsmart,5.0,1,Cherry MX Brown,0
Gamdias Hermes E2,39.00 €,στο Bazaarelectric,0.0,,Gamdias,0
Nacon CL-700OM,64.90 €,σε 3 καταστήματα,0.0,,Kailh Blue,0
Gamdias Ares M1,24.90 €,σε 2 καταστήματα,0.0,,Μεμβράνης,0
Tracer Battle Heroes Shinook X,14.85 €,στο Electronix,0.0,,Μεμβράνης,0
Redragon Kama K578,48.99 €,στο Netsales,0.0,,Custom Brown,0
Thermaltake Challenger Combo,38.80 €,σε 2 καταστήματα,0.0,,Φωτιζόμενα Πλήκτρα,0
Redragon Mitra K551,55.00 €,στο Hightech,0.0,,Custom Mechanical,0
Redragon Manyu K579RGB,56.00 €,στο Netsales,0.0,,Custom Blue,0
Natec RX85,69.99 €,στο Dot-Solutions,0.0,,Kailh Brown,0
Tacens MKHA0 Black,6.20 €,στο Gamefreak,0.0,,Full Size,0
Redragon Partryusa K570,56.33 €,στο Gamefreak,0.0,,Custom Blue,0
Patriot Viper V765 (Kailh Box White),116.51 €,στο MG Manager,0.0,,Kailh Box White,0
Genesis Thor 300 (Outemu Blue),47.00 €,στο PC1,2.5,2,Outemu Blue,0
Spirit of Gamer Spirit Gamer PRO-K3,19.90 €,στο Game Explorers,0.0,,Μεμβράνης,0
Acer Nitro,45.00 €,στο Bestdeals,0.0,,Μεμβράνης,0
Genesis RHOD 600 RGB,40.80 €,στο PC1,4.0,1,Φωτιζόμενα Πλήκτρα,0
Redragon K553-RGB,59.99 €,στο Techaway,0.0,,Custom Blue,0
A4Tech B130,23.50 €,σε 3 καταστήματα,0.0,,Μεμβράνης,0
Thermaltake Challenger Edge Pro,57.80 €,στο VNP Shop,0.0,,Φωτιζόμενα Πλήκτρα,0
Rebeltec Imperator,49.00 €,σε 2 καταστήματα,0.0,,Outemu Blue,0
Rebeltec Discovery,14.49 €,σε 8 καταστήματα,3.0,2,Μεμβράνης,0
Weibo WB-710,27.80 €,στο Pswnia,0.0,,Μεμβράνης,0
Mobilis KW18,20.00 €,στο PC Tech Heraklion,0.0,,Μεμβράνης,0
Hori Tactical Assault Commander Pro,179.95 €,στο GC-TECH,3.8,5,Custom Mechanical,0
Armaggeddon MKA-7C Psychfalcon,64.50 €,σε 3 καταστήματα,3.8,4,Outemu Blue,0
Motospeed K95 (Outemu Brown),29.79 €,σε 2 καταστήματα,4.1,7,Outemu Brown,0
Genesis R33,19.90 €,στο Tech-in,4.0,7,Μεμβράνης,0
Rebeltec Defender,17.79 €,σε 9 καταστήματα,0.0,,Μεμβράνης,0
Xtrike Me MK-501KIT,17.50 €,στο A-store,0.0,,Μεμβράνης,0
FanTech Fighter K611L,23.80 €,στο Techaway,0.0,,Φωτιζόμενα Πλήκτρα,0
Rebeltec Liberator,37.40 €,σε 3 καταστήματα,2.5,2,Outemu Blue,0
Das KeyBoard X50Q,138.78 €,στο Visionstudio,0.0,,Gamma Zulu,0
Acer Predator Aethon 500,169.00 €,στο Bestdeals,0.0,,Custom Blue,0
Cougar Attack X3 RGB,113.00 €,στο PC1,0.0,,Custom Mechanical,0
NGS GKX-300,21.90 €,σε 4 καταστήματα,0.0,,Φωτιζόμενα Πλήκτρα,0
Tracer Oxin,16.80 €,σε 6 καταστήματα,0.0,,Μεμβράνης,0
Redragon Combo Vajra & Centrophorus,27.50 €,σε 3 καταστήματα,3.7,3,Μεμβράνης,0
Sharkoon Skiller Pro,34.80 €,σε 2 καταστήματα,3.8,21,Μεμβράνης,0
Gembird KB-UMGL-01,15.50 €,σε 4 καταστήματα,3.8,5,Μεμβράνης,0
Sharkoon PureWriter TKL RGB (Kailh Red),69.99 €,σε 2 καταστήματα,5.0,1,Kailh Red,0
Gembird GGS-UMG4-01,40.00 €,στο eprodromou,3.5,11,Μεμβράνης,0
Corsair K68,169.90 €,στο Nextspot Store,0.0,,Cherry MX Red,0
Rebeltec Warrior,7.00 €,σε 9 καταστήματα,3.0,1,Μεμβράνης,0
FanTech Zexter K610,24.80 €,στο Techaway,0.0,,Φωτιζόμενα Πλήκτρα,0
Genius Scorpion K10,31.72 €,στο Plus3,5.0,1,Μεμβράνης,0
Roccat Horde,89.80 €,στο PC1,0.0,,Φωτιζόμενα Πλήκτρα,0
Roccat Horde Aimo Black,96.80 €,στο VNP Shop,0.0,,Μεμβράνης,0
Aula Adjudication Expert,9.99 €,σε 2 καταστήματα,4.0,1,Μεμβράνης,0
Aula Mechanical Demon King,68.08 €,σε 2 καταστήματα,0.0,,KRGD,0
Roccat Isku+ Illuminated,38.00 €,σε 7 καταστήματα,2.3,3,Μεμβράνης,0
FanTech Outlaw K12,23.50 €,στο Elektrostore24,3.7,3,Φωτιζόμενα Πλήκτρα,0
Zornwee ZE-9800,8.99 €,σε 2 καταστήματα,0.0,,Σετ Πληκτρολόγιο & Ποντίκι,0
HAMA uRage Exodus Macro,22.90 €,σε 4 καταστήματα,0.0,,Φωτιζόμενα Πλήκτρα,0
Genesis Rhod 400,22.45 €,σε 3 καταστήματα,3.0,1,Μεμβράνης,0
Ravcore Blade,54.90 €,σε 3 καταστήματα,0.0,,Μεμβράνης,0
HAMA Urage Exodus 2,23.90 €,σε 4 καταστήματα,0.0,,Full Size,0
Rebeltec Legend,17.00 €,σε 7 καταστήματα,3.0,1,Μεμβράνης,0
SteelSeries APEX 300,86.70 €,σε 2 καταστήματα,5.0,1,Μεμβράνης,2
Asus Cerberus Mech RGB,129.00 €,σε 2 καταστήματα,0.0,,Custom Mechanical,0
Trust Ziva,21.90 €,στο Mygad,0.0,,Full Size,0
Riotoro Ghostwriter Prism,115.00 €,στο WOW! Computers Supplies,0.0,,Custom Mechanical,0
Riotoro Ghostwriter Classic,60.00 €,στο WOW! Computers Supplies,0.0,,Μεμβράνης,0
Redragon Hara,60.00 €,στο Hightech,0.0,,Custom Blue,0
Spirit of Gamer Xpert K100,38.80 €,σε 2 καταστήματα,3.0,2,Μεμβράνης,0
Powertech PT-183,13.50 €,σε 4 καταστήματα,4.0,1,Μεμβράνης,0
Roccat Ryos MK Pro,189.60 €,στο Game Explorers,4.0,5,Cherry MX Brown,0
Gigabyte Force K85,92.65 €,στο Visionstudio,3.5,2,Custom Red,0
Zornwee V6,26.99 €,στο 8com,0.0,,Μεμβράνης,0
Weibo WB-538,23.88 €,σε 2 καταστήματα,0.0,,Μεμβράνης,0
Iogear Kaliber Hver,59.00 €,στο Bestdeals,0.0,,Μεμβράνης,0
FanTech K710,48.00 €,στο E-Felekis,3.0,2,Μεμβράνης,0
Fury Hellfire illuminated,17.40 €,στο Techaway,3.0,5,Φωτιζόμενα Πλήκτρα,0
Media-Tech Cobra Pro Inferno,55.00 €,στο Plus26,0.0,,Cyan AX,0
Thermaltake ESPORTS Challenger Edge RGB,57.50 €,στο BeQ,0.0,,Φωτιζόμενα Πλήκτρα,0
Tracer Hellway,27.90 €,στο Electronix,0.0,,Μεμβράνης,0
Ravcore Valravn,36.00 €,στο Digitalife,0.0,,Μεμβράνης,0
Zornwee X6 Soldier,8.40 €,σε 2 καταστήματα,0.0,,Μεμβράνης,0
Roccat Skeltr,106.56 €,σε 4 καταστήματα,0.0,,Μεμβράνης,0
SpeedLink Ferus,15.90 €,σε 3 καταστήματα,3.0,1,Μεμβράνης,0
Keep Out F89PTE,27.60 €,σε 2 καταστήματα,0.0,,Μεμβράνης,0
Trust GXT 830,25.40 €,στο Game Explorers,3.3,6,Μεμβράνης,0
Redragon Indrah Black,99.00 €,στο Hightech,0.0,,Custom Blue,0
Redragon K506,28.80 €,σε 2 καταστήματα,0.0,,Μεμβράνης,0
Sandberg Thunderstorm 640-02,49.90 €,σε 3 καταστήματα,0.0,,Μεμβράνης,0
Armaggeddon MKA-9C Psychraptor (Kaily Red),82.00 €,στο Game-Show,0.0,,Kailh Red,0
Media-Tech Cobra Pro MT1251,13.40 €,στο AstronGameClub,0.0,,Μεμβράνης,0
Weibo FC-719,9.49 €,στο E-Felekis,0.0,,Μεμβράνης,0
Aula Be Fire,23.50 €,στο DbmElectronics,4.0,2,Μεμβράνης,0
Xtrike Me KB-301,7.99 €,σε 9 καταστήματα,1.0,1,Μεμβράνης,0
Zalman ZM-K600S,30.50 €,στο PC1,0.0,,Μεμβράνης,0
Zalman ZM-K700M,113.90 €,στο PC1,0.0,,Cherry MX Red,0
FanTech KR-6300,20.00 €,στο Geek On,2.5,6,Μεμβράνης,0
E-More HK3800,14.83 €,σε 2 καταστήματα,3.3,8,Μεμβράνης,0
Ravcore Hybrid,34.50 €,σε 4 καταστήματα,2.3,3,Μεμβράνης,0
Azio MGK1,99.00 €,στο Bestdeals,0.0,,Kailh Blue,0
Roccat Vulcan 122 AIMO White,187.90 €,σε 4 καταστήματα,1.5,2,Titan Tactile,0
Genesis RX11,19.99 €,στο Stechi,3.0,4,Μεμβράνης,0
Turtle Beach Impact 100,65.50 €,στο ElectroStudio,0.0,,Μεμβράνης,0
Magic m100,35.80 €,στο OnOffMarket,0.0,,Μεμβράνης,0
Keep Out F80,48.80 €,στο Galazoula,0.0,,Μεμβράνης,0
Approx Bolt,16.00 €,σε 2 καταστήματα,0.0,,Μεμβράνης,0
Keep Out F89CH,30.90 €,σε 4 καταστήματα,0.0,,Μεμβράνης,0
Tracer Enduro,18.00 €,στο Techaway,0.0,,Full Size,0
Perixx PX-1200,73.34 €,στο 8com,0.0,,Μεμβράνης,0
SteelSeries Apex Raw,82.00 €,σε 2 καταστήματα,5.0,1,Μεμβράνης,2
Roccat Isku FX,66.82 €,σε 3 καταστήματα,4.3,3,Μεμβράνης,2
Armaggeddon AK-700,35.00 €,στο Mega salapatas,0.0,,Μεμβράνης,0
ZYG-900,15.70 €,σε 5 καταστήματα,1.0,1,Μεμβράνης,0
Sharkoon Shark Zone MK80,83.01 €,σε 2 καταστήματα,0.0,,Kailh Red,0
Sumvision Kane PRO LED,37.21 €,στο 8com,0.0,,Μεμβράνης,0
Trust GXT 280,15.90 €,σε 6 καταστήματα,3.3,10,Μεμβράνης,0
Approx Blizzard,26.60 €,στο Ledcity,0.0,,Μεμβράνης,0
Keep Out F89PRO,47.70 €,στο Game-Show,0.0,,Μεμβράνης,0
Mars Gaming MK1,5.46 €,στο Gamefreak,0.0,,Μεμβράνης,0
Approx Appblizzard,22.51 €,στο Visionstudio,3.0,2,Μεμβράνης,0
Roccat Isku,149.00 €,στο Bestdeals,4.3,3,Μεμβράνης,0
Aula Gaming Combo Set,50.37 €,στο 8com,0.0,,Μεμβράνης,0
SpeedLink Parthica Core,42.40 €,σε 5 καταστήματα,0.0,,Μεμβράνης,0
Sumvision Nemesis Stryder,32.74 €,στο 8com,0.0,,Μεμβράνης,0
Keep Out F90,38.90 €,στο PC Tech Heraklion,0.0,,Μεμβράνης,0
Perixx PX-1100,87.42 €,στο 8com,0.0,,Μεμβράνης,0
Media-Tech Cobra Pro Multimedia,16.99 €,σε 10 καταστήματα,1.0,1,Μεμβράνης,0
SpeedLink Rapax,27.50 €,σε 3 καταστήματα,0.0,,Μεμβράνης,0
Omega Varr VK-1,15.00 €,στο Media Center,3.0,4,Μεμβράνης,0
A4Tech Bloody & Sades Gaming set,156.07 €,στο InGadget,1.0,2,LK Libra Brown,0
Esperanza TK105,6.80 €,σε 9 καταστήματα,1.0,1,Μεμβράνης,0
Keep Out F90E Gaming USB,39.90 €,σε 5 καταστήματα,2.3,6,Μεμβράνης,0
Gigabyte K8100,75.00 €,στο Studio Mao,0.0,,Μεμβράνης,0
Approx Quasar,29.00 €,στο Game-Show,1.0,1,Μεμβράνης,0
A4Tech X7 G100,17.00 €,στο LaHoya,0.0,,Keypad,0
