Name,Price,Stores,Rating,Votes,Type,Connection,Colors
Philips K264,7.50 €,σε 41 καταστήματα,4.7,6,Keyboard Only,USB,0
Philips SPT6324 Black,9.99 €,σε 20 καταστήματα,4.1,25,Keyboard & Mouse Set,USB,0
Philips SPT6224 Black,8.93 €,σε 37 καταστήματα,4.7,3,Keyboard & Mouse Set,USB,0
Logitech MX Keys,106.44 €,σε 8 καταστήματα,4.5,8,Keyboard Only,Bluetooth / USB,0
Powertech PT-677,3.99 €,σε 67 καταστήματα,2.7,7,Keyboard Only,USB,0
Logitech Wireless Combo MK220,23.00 €,σε 42 καταστήματα,4.1,134,Keyboard & Mouse Set,USB,0
Logitech K120,10.14 €,σε 47 καταστήματα,4.4,46,Keyboard Only,USB,0
Logitech MK850 Performance,109.99 €,σε 20 καταστήματα,4.8,10,Keyboard & Mouse Set,USB,0
Powertech PT-913,14.82 €,σε 43 καταστήματα,4.3,4,Keyboard & Mouse Set,USB,0
Philips SPT6354,10.41 €,σε 37 καταστήματα,3.8,6,Keyboard Only,USB,0
Element KB-750W,5.26 €,σε 12 καταστήματα,4.3,47,Keyboard Only,USB,0
Microsoft Sculpt Comfort Desktop,47.99 €,σε 46 καταστήματα,4.1,15,Keyboard & Mouse Set,USB,0
Dell KM717 Premier,81.34 €,σε 14 καταστήματα,4.6,20,Keyboard & Mouse Set,USB,0
Powertech PT-678,7.02 €,σε 52 καταστήματα,4.0,1,Keyboard & Mouse Set,USB,0
Philips SPK6214 Black,6.89 €,σε 37 καταστήματα,5.0,1,Keyboard Only,USB,0
Logitech Wireless Combo MK270,27.99 €,σε 30 καταστήματα,4.2,57,Keyboard & Mouse Set,USB,0
Dell KB-522,17.35 €,σε 15 καταστήματα,4.7,37,Keyboard Only,USB,0
Microsoft Wireless Desktop 900,40.85 €,σε 19 καταστήματα,4.4,37,Keyboard & Mouse Set,USB,0
Conceptum KBW03,13.48 €,σε 10 καταστήματα,4.4,19,Keyboard & Mouse Set,USB,0
Powertech PT-915,13.18 €,σε 48 καταστήματα,0.0,,Keyboard & Mouse Set,USB,0
Microsoft All-in-One Media Keyboard,34.89 €,σε 24 καταστήματα,4.3,35,Keyboard with Touchpad,USB,0
NOD KBD-004,5.80 €,σε 46 καταστήματα,3.3,12,Keyboard Only,USB,0
Apple Magic Keyboard,104.87 €,σε 13 καταστήματα,4.4,19,Keyboard Only,Bluetooth,0
Riitek Rii i4,27.00 €,σε 2 καταστήματα,4.7,9,Keyboard with Touchpad,Bluetooth,0
Element KB-255WMS,8.90 €,σε 34 καταστήματα,3.0,2,Keyboard & Mouse Set,USB,0
Powertech PT-914,13.95 €,σε 40 καταστήματα,0.0,,Keyboard & Mouse Set,USB,0
Factory QY-K07,9.90 €,σε 11 καταστήματα,5.0,2,Keyboard with Touchpad,USB,0
Powertech PT-696,13.27 €,σε 45 καταστήματα,3.3,3,Keyboard & Mouse Set,USB,0
Philips SPT6103,22.00 €,σε 4 καταστήματα,4.6,9,Keyboard & Mouse Set,USB,0
Philips SPT6234,7.91 €,σε 32 καταστήματα,0.0,,Keyboard & Mouse Set,USB,0
Riitek i8,17.50 €,σε 6 καταστήματα,4.2,112,Keyboard with Touchpad,USB,0
Microsoft Wireless Desktop 850,32.90 €,σε 24 καταστήματα,3.9,18,Keyboard & Mouse Set,USB,0
A4Tech F1010,14.00 €,σε 32 καταστήματα,0.0,,Keyboard & Mouse Set,USB,0
Philips SPT6214 Black,10.36 €,σε 33 καταστήματα,4.0,1,Keyboard & Mouse Set,USB,0
MediaRange MROS105,15.87 €,σε 9 καταστήματα,4.3,16,Keyboard & Mouse Set,USB,0
Powertech PT-302,5.90 €,σε 47 καταστήματα,2.5,2,Keyboard Only,USB,0
Dell KB216 Black,10.00 €,σε 34 καταστήματα,4.6,80,Keyboard Only,USB,3
Logitech K400 Plus Black,33.90 €,σε 43 καταστήματα,4.3,62,Keyboard with Touchpad,USB,2
HP Pavilion Wireless Keyboard and Mouse 800 Black,44.90 €,σε 9 καταστήματα,5.0,10,Keyboard & Mouse Set,USB,2
HP Pavilion Wireless Keyboard and Mouse 800 White,44.90 €,σε 12 καταστήματα,5.0,10,Keyboard & Mouse Set,USB,2
Logitech K380 Grey,44.00 €,σε 13 καταστήματα,4.7,39,Keyboard Only,Bluetooth,3
Logitech K480 Black,47.99 €,σε 15 καταστήματα,4.8,18,Keyboard Only,Bluetooth,2
Apple Magic Keyboard with Numeric Keypad White,135.95 €,σε 18 καταστήματα,4.6,7,Keyboard Only,Bluetooth,2
Alcatroz Xplorer Dock 2 BT Green,34.60 €,σε 4 καταστήματα,4.9,7,Keyboard with Touchpad,Bluetooth / Dock,2
Dell KM636 Black,24.75 €,σε 30 καταστήματα,3.7,19,Keyboard & Mouse Set,USB,2
Dell KB216 White,12.90 €,στο Nok-Shop,4.6,80,Keyboard Only,USB,3
HP Pavilion 600 Black,32.90 €,σε 10 καταστήματα,4.0,15,Keyboard Only,USB,2
Apple Magic Keyboard with Numeric Keypad Black,162.90 €,σε 9 καταστήματα,4.6,7,Keyboard Only,Bluetooth,2
Logitech Illuminated Keyboard K740,88.10 €,σε 11 καταστήματα,5.0,3,Keyboard Only,USB,0
A4Tech Fstyler Sleek FK10,9.70 €,σε 31 καταστήματα,0.0,,Keyboard Only,USB,0
Trust Ziva Multimedia,8.29 €,σε 9 καταστήματα,5.0,2,Keyboard Only,USB,0
A4Tech FG1010,19.00 €,σε 32 καταστήματα,0.0,,Keyboard & Mouse Set,USB,0
Lamtech LAM081710,7.18 €,σε 9 καταστήματα,4.4,8,Keyboard Only,USB,0
Wireless QWERTY Keyboard Black,10.96 €,σε 4 καταστήματα,4.8,6,Keyboard with Touchpad,USB,0
MediaRange Multimedia,7.60 €,σε 13 καταστήματα,5.0,1,Keyboard Only,USB,0
Riitek Mini k18+,37.90 €,σε 2 καταστήματα,5.0,2,Keyboard with Touchpad,USB,0
Logitech Desktop MK120,14.21 €,σε 39 καταστήματα,4.1,11,Keyboard & Mouse Set,USB,0
Logitech Wireless Combo MK235,20.23 €,σε 34 καταστήματα,3.1,27,Keyboard & Mouse Set,USB,0
Ultra Thin Slim Mini Bluetooth 3.0,9.52 €,σε 15 καταστήματα,3.9,30,Keyboard Only,Bluetooth,0
Riitek mini X1,19.90 €,σε 12 καταστήματα,5.0,5,Keyboard with Touchpad,USB,0
Element KB-145UMS,7.50 €,σε 24 καταστήματα,0.0,,Keyboard & Mouse Set,USB,0
HP Pavilion 400,26.37 €,σε 13 καταστήματα,5.0,1,Keyboard & Mouse Set,USB,0
Riitek Rii i8X,27.00 €,σε 5 καταστήματα,4.4,11,Keyboard Only,USB,0
Logitech Craft Wireless Keyboard,196.80 €,σε 14 καταστήματα,4.0,13,Keyboard Only,Bluetooth / USB,0
i8 Black,7.50 €,σε 17 καταστήματα,0.0,,Keyboard with Touchpad,USB,0
Logitech K780 Multi-Device,99.99 €,σε 18 καταστήματα,3.8,16,Keyboard Only,Bluetooth,0
Defender HM-430,6.16 €,σε 7 καταστήματα,5.0,1,Keyboard Only,USB,0
Riitek Rii mini i8+ Black,26.90 €,στο Gadgeta,4.5,18,Keyboard with Touchpad,USB,0
Microsoft Wireless Comfort Desktop 5050,59.87 €,σε 14 καταστήματα,4.2,12,Keyboard & Mouse Set,USB,0
Keywin Mini Rii i8+,8.99 €,σε 3 καταστήματα,4.5,2,Keyboard with Touchpad,Bluetooth,0
Element KB-260WMS v2,12.90 €,σε 12 καταστήματα,4.1,9,Keyboard & Mouse Set,USB,0
Conceptum CBM502,7.22 €,σε 12 καταστήματα,3.8,5,Keyboard & Mouse Set,USB,0
Nedis KBNM100BK,7.97 €,σε 21 καταστήματα,4.0,1,Keyboard Only,USB,0
Element KB-145U,4.50 €,σε 21 καταστήματα,0.0,,Keyboard Only,USB,0
Logitech MK540 Advanced,62.41 €,σε 11 καταστήματα,4.0,4,Keyboard Only,USB,0
Tracer Reef,6.75 €,σε 2 καταστήματα,5.0,2,Keyboard Only,USB,0
Element KB-150UMS v2.0,8.80 €,στο GuruElectrics,4.8,4,Keyboard & Mouse Set,USB,0
NOD Valuepro KMS-002,8.90 €,σε 29 καταστήματα,0.0,,Keyboard & Mouse Set,USB,0
HP Pavilion 300,22.05 €,σε 17 καταστήματα,3.5,4,Keyboard Only,USB,0
Turbo-X MC 110 Red,12.90 €,στο Plaisio,5.0,1,Keyboard & Mouse Set,USB,0
Dell KM7120W,72.73 €,σε 10 καταστήματα,4.0,1,Keyboard & Mouse Set,Bluetooth,0
Microsoft Desktop 600 for Business,22.99 €,σε 8 καταστήματα,4.5,4,Keyboard & Mouse Set,USB,0
Element KB-800W,19.50 €,σε 28 καταστήματα,2.3,3,Keyboard Only,USB,0
Element KB-150U v2.0,8.90 €,στο Tech HUB Store,5.0,2,Keyboard Only,USB,0
Microsoft Wireless Desktop 3050,49.30 €,σε 19 καταστήματα,3.7,18,Keyboard & Mouse Set,USB,0
Natec NKL-0968,26.30 €,σε 3 καταστήματα,4.3,6,Keyboard with Touchpad,USB,0
Alcatroz Xplorer Dock 2 BT White,34.67 €,σε 4 καταστήματα,4.9,7,Keyboard with Touchpad,Bluetooth / Dock,2
Microsoft Surface Go Signature Type Cover Black,102.05 €,σε 11 καταστήματα,5.0,1,Keyboard Only,Dock,2
Logitech K400 Plus White,39.50 €,σε 7 καταστήματα,4.3,62,Keyboard with Touchpad,USB,2
Microsoft Wired Keyboard 600 White,13.95 €,σε 17 καταστήματα,3.9,37,Keyboard Only,USB,2
Mobilis Retro Black,27.14 €,σε 5 καταστήματα,5.0,1,Keyboard Only,USB,2
Logitech MK470 White,46.70 €,σε 4 καταστήματα,4.3,4,Keyboard & Mouse Set,USB,2
Logitech MK470 Graphite,46.93 €,σε 10 καταστήματα,4.3,4,Keyboard & Mouse Set,USB,2
Mobilis RK908 Gold,23.90 €,σε 2 καταστήματα,4.5,2,Keyboard Only,Bluetooth,3
Dell KM636 White,29.90 €,σε 17 καταστήματα,3.7,19,Keyboard & Mouse Set,USB,2
Logitech K380 Pink,49.90 €,σε 2 καταστήματα,4.7,39,Keyboard Only,Bluetooth,3
Trust Muto Silent,10.48 €,σε 4 καταστήματα,4.2,5,Keyboard Only,USB,0
HAMA Cortino Wireless,24.90 €,στο KS stores,5.0,1,Keyboard & Mouse Set,USB,0
Ασύρματο mini Qwerty Πληκτρολόγιο Μαύρο,10.56 €,σε 17 καταστήματα,0.0,,Keyboard with Touchpad,Bluetooth / USB,0
Trust Nado,22.60 €,σε 14 καταστήματα,3.4,9,Keyboard Only,Bluetooth,0
NOD W-KMS-103,14.90 €,σε 13 καταστήματα,4.0,1,Keyboard & Mouse Set,USB,0
DAS Keyboard 4 Professional,166.80 €,στο BeQ,5.0,1,Keyboard Only,USB,0
i8+ Backlit,9.82 €,σε 10 καταστήματα,4.0,1,Keyboard with Touchpad,USB,0
Logitech MK240 Nano Black,24.50 €,σε 4 καταστήματα,3.9,18,Keyboard & Mouse Set,USB,0
HP Premium,67.80 €,στο VNP Shop,5.0,1,Keyboard Only,USB,0
Microsoft Wired Desktop 600,22.25 €,σε 26 καταστήματα,4.6,5,Keyboard & Mouse Set,USB,0
Logitech K375s Multi-Device,39.32 €,σε 14 καταστήματα,3.4,7,Keyboard Only,Bluetooth / USB,0
HAMA Cortino,13.27 €,σε 3 καταστήματα,5.0,1,Keyboard & Mouse Set,USB,0
Lamtech LAM021295,8.26 €,σε 9 καταστήματα,0.0,,Keyboard Only,USB,0
C120,8.74 €,σε 28 καταστήματα,3.0,11,Keyboard & Mouse Set,USB,0
Logitech K600 TV,99.99 €,στο Bestdeals,5.0,1,Keyboard with Touchpad,USB,0
Logitech Wireless Combo MK330,38.00 €,σε 30 καταστήματα,3.5,11,Keyboard & Mouse Set,USB,0
HP K2500,19.70 €,σε 14 καταστήματα,4.2,6,Keyboard Only,USB,0
Rebeltec Millenium,15.00 €,σε 4 καταστήματα,4.0,4,Keyboard & Mouse Set,USB,0
Conceptum CB402 Black,5.17 €,σε 14 καταστήματα,0.0,,Keyboard & Mouse Set,USB,0
Lamtech LAM020854,14.40 €,σε 11 καταστήματα,3.3,4,Keyboard & Mouse Set,USB,0
Trust Nova,16.50 €,σε 16 καταστήματα,0.0,,Keyboard & Mouse Set,USB,0
i8 Backlit,10.86 €,σε 11 καταστήματα,0.0,,Keyboard with Touchpad,USB,0
Logitech K400 Professional Wireless Touch Keyboard,32.00 €,σε 4 καταστήματα,4.5,2,Keyboard with Touchpad,USB,0
Microsoft Wireless Sculpt Ergonomic Desktop & Mouse,100.80 €,σε 15 καταστήματα,4.0,24,Keyboard & Mouse Set,USB,0
Riitek Rii K12+,34.00 €,στο Rhoelect,5.0,1,Keyboard with Touchpad,USB,0
Logitech K360 Black,35.00 €,σε 3 καταστήματα,4.5,55,Keyboard Only,USB,0
HP Slim Wireless Keyboard and Mouse,39.51 €,σε 4 καταστήματα,5.0,1,Keyboard & Mouse Set,USB,0
Logitech Wireless Illuminated Keyboard K800,99.99 €,σε 16 καταστήματα,4.3,22,Keyboard Only,USB,0
Conceptum CB401,6.20 €,σε 13 καταστήματα,0.0,,Keyboard & Mouse Set,USB,0
Rebeltec Inspire,7.38 €,σε 4 καταστήματα,5.0,1,Keyboard Only,USB,0
Microsoft Designer Bluetooth Desktop,83.75 €,σε 14 καταστήματα,4.0,4,Keyboard & Mouse Set,Bluetooth,0
Marvo DCM001,15.70 €,σε 10 καταστήματα,3.0,1,Keyboard & Mouse Set,USB,0
Lenovo Wireless Keyboard and Mouse Combo,47.50 €,σε 3 καταστήματα,4.3,4,Keyboard & Mouse Set,USB,0
Keywin RL-GK03 Black,10.78 €,στο 247home,3.3,3,Keyboard & Mouse Set,Bluetooth,0
Logitech Wireless Desktop MK710,90.90 €,σε 28 καταστήματα,3.9,15,Keyboard & Mouse Set,USB,0
Rebeltec Whiterun Set,17.50 €,σε 9 καταστήματα,0.0,,Keyboard & Mouse Set,Bluetooth / USB,0
Natec NZB-1440,13.76 €,σε 9 καταστήματα,0.0,,Keyboard & Mouse Set,USB,0
Lenovo Preferred Pro II,30.79 €,σε 11 καταστήματα,4.0,1,Keyboard Only,USB,0
Lenovo Professional Wireless Keyboard,35.10 €,σε 12 καταστήματα,0.0,,Keyboard Only,USB,0
Marvo DKB001,4.40 €,σε 8 καταστήματα,0.0,,Keyboard Only,USB,0
Weibo WB-8012,13.79 €,σε 7 καταστήματα,0.0,,Keyboard & Mouse Set,USB,0
Microsoft Wired Keyboard 600 Black,13.50 €,σε 30 καταστήματα,3.9,37,Keyboard Only,USB,2
Xiaomi MIIIW MWBK01 White,57.90 €,σε 2 καταστήματα,5.0,1,Keyboard Only,Bluetooth,2
Mobilis RK908 Silver,25.50 €,σε 12 καταστήματα,4.5,2,Keyboard Only,Bluetooth,3
HP Pavilion 600 White,32.59 €,σε 12 καταστήματα,4.0,15,Keyboard Only,USB,2
Xiaomi MIIIW Black,32.90 €,σε 3 καταστήματα,4.0,4,Keyboard & Mouse Set,USB,2
Microsoft Surface Pro Signature Type Cover Alcantara Burgundy,174.51 €,σε 7 καταστήματα,0.0,,Keyboard with Touchpad,Dock,6
Logitech K480 White,48.00 €,σε 7 καταστήματα,4.8,18,Keyboard Only,Bluetooth,2
Microsoft Surface Pro X,120.00 €,σε 6 καταστήματα,0.0,,Keyboard with Touchpad,Dock,0
Rebeltec Primero,5.30 €,σε 8 καταστήματα,0.0,,Keyboard Only,USB,0
Logitech MX900 Performance Combo,178.73 €,σε 10 καταστήματα,0.0,,Keyboard & Mouse Set,Bluetooth,0
Natec Tetra Black/Grey,20.63 €,σε 5 καταστήματα,0.0,,Keyboard & Mouse Set,USB,0
Defender HB 520,5.54 €,σε 6 καταστήματα,0.0,,Keyboard Only,USB,0
Defender HB 260,7.17 €,σε 6 καταστήματα,0.0,,Keyboard Only,USB,0
HP C2710 Combo White,28.90 €,σε 10 καταστήματα,3.0,1,Keyboard & Mouse Set,USB,0
Conceptum KBW02,16.49 €,σε 19 καταστήματα,0.0,,Keyboard with Touchpad,USB,0
Andowl Q-813,5.69 €,σε 8 καταστήματα,0.0,,Keyboard Only,USB,0
Marvo DKB002,5.80 €,σε 7 καταστήματα,0.0,,Keyboard Only,USB,0
Logitech Comfort Wave MK570,105.00 €,στο Bestdeals,5.0,1,Keyboard & Mouse Set,USB,0
Silicone Keyboard Μαύρο,8.80 €,σε 5 καταστήματα,0.0,,Keyboard Only,USB,0
Microsoft Bluetooth Desktop,51.55 €,σε 3 καταστήματα,0.0,,Keyboard & Mouse Set,Bluetooth,0
Σετ Ασύρματο Πληκτρολόγιο και Ασύρματο Οπτικό Ποντίκι SPM R175750,39.95 €,σε 6 καταστήματα,0.0,,Keyboard & Mouse Set,Bluetooth / USB,0
Gembird KPD-UT-01,6.74 €,σε 8 καταστήματα,0.0,,Keyboard Only,USB,0
Approx MK210,6.00 €,σε 6 καταστήματα,0.0,,Keyboard Only,USB,0
Havit XL-KB006,17.99 €,σε 6 καταστήματα,5.0,1,Keyboard with Touchpad,USB,0
Approx KBVLV5,6.39 €,σε 3 καταστήματα,5.0,1,Keyboard Only,USB,0
Natec Flameback,3.27 €,σε 6 καταστήματα,0.0,,Keyboard Only,USB,0
Powertech PT-189,14.89 €,στο JKazakos,4.7,3,Keyboard & Mouse Set,USB,0
Esperanza EK116,5.55 €,σε 9 καταστήματα,4.0,2,Keyboard Only,USB,0
NOD ValuePro Wireless W-KMS-102,14.90 €,σε 16 καταστήματα,2.0,1,Keyboard & Mouse Set,USB,0
NOD W-KMS-101,14.90 €,στο GC-TECH,4.3,3,Keyboard & Mouse Set,USB,0
Q-812 Black,23.00 €,σε 5 καταστήματα,0.0,,Keyboard Only,Bluetooth,0
Trust Classicline Keyboard New,8.88 €,σε 10 καταστήματα,4.0,5,Keyboard Only,USB,0
Microsoft Bluetooth Keyboard,46.06 €,σε 3 καταστήματα,0.0,,Keyboard Only,Bluetooth,0
Microsoft Type Cover 2 Purple,29.90 €,στο Infoworld,5.0,2,Keyboard with Touchpad,Dock,0
Wesdar V2,7.20 €,σε 6 καταστήματα,0.0,,Keyboard Only,USB,0
Logitech MX KEYS for Mac,109.99 €,σε 2 καταστήματα,0.0,,Keyboard Only,Bluetooth / USB,0
uGo Askja K110,4.10 €,σε 2 καταστήματα,0.0,,Keyboard Only,USB,0
Omega OK05TGR,5.45 €,σε 20 καταστήματα,3.2,5,Keyboard Only,USB,0
Media-Tech MT122K-US,8.05 €,σε 5 καταστήματα,0.0,,Keyboard Only,PS/2,0
uGo Askja K140,2.79 €,σε 3 καταστήματα,0.0,,Keyboard Only,USB,0
Alcatroz Jellybean U2000 White/Mint,11.04 €,σε 6 καταστήματα,4.0,1,Keyboard & Mouse Set,USB,5
Microsoft Surface Go Signature Type Cover Ice Blue,113.00 €,σε 4 καταστήματα,0.0,,Keyboard with Touchpad,Dock,2
Alcatroz U2000 Black,11.04 €,σε 8 καταστήματα,4.0,1,Keyboard & Mouse Set,USB,5
Natec Discus White,7.31 €,σε 6 καταστήματα,0.0,,Keyboard Only,USB,2
Alcatroz Jellybean U2000 White,11.04 €,σε 8 καταστήματα,4.0,1,Keyboard & Mouse Set,USB,5
Alcatroz Xplorer Go BT100 Black,13.70 €,σε 5 καταστήματα,0.0,,Keyboard Only,Bluetooth,2
Alcatroz Airpad 1 Black,21.40 €,σε 7 καταστήματα,2.0,1,Keyboard with Touchpad,USB,2
Alcatroz Airpad 1 White,21.07 €,σε 10 καταστήματα,2.0,1,Keyboard with Touchpad,USB,2
Alcatroz Jellybean U2000 Peach,11.04 €,σε 7 καταστήματα,4.0,1,Keyboard & Mouse Set,USB,5
Logitech K380 Off-White,44.85 €,σε 2 καταστήματα,4.7,39,Keyboard Only,Bluetooth,3
Microsoft Surface Go Signature Type Cover,119.00 €,σε 2 καταστήματα,0.0,,Keyboard with Touchpad,Dock,2
Alcatroz Xplorer Go BT100,13.98 €,σε 5 καταστήματα,0.0,,Keyboard Only,Bluetooth,2
Microsoft Surface Pro Signature Type Cover Ice Blue,139.00 €,σε 4 καταστήματα,0.0,,Keyboard with Touchpad,Dock,6
Xiaomi MIIIW White,31.55 €,σε 4 καταστήματα,4.0,4,Keyboard & Mouse Set,USB,2
Alcatroz Jellybean U2000 Black/Red,11.04 €,σε 6 καταστήματα,4.0,1,Keyboard & Mouse Set,USB,5
Xiaomi Wireless Keyboard And Mouse Set,28.90 €,σε 2 καταστήματα,0.0,,Keyboard & Mouse Set,Bluetooth,0
Element KB-150U,7.00 €,σε 2 καταστήματα,4.4,9,Keyboard Only,USB,0
Touchglobal K06,17.00 €,σε 2 καταστήματα,0.0,,Keyboard & Mouse Set,Bluetooth / Dock,0
XtremeMac Bluetooth Numpad Calculator,69.23 €,σε 8 καταστήματα,0.0,,Keyboard Only,Bluetooth,0
Alcatroz Jellybean A2000 Mint,18.20 €,σε 5 καταστήματα,0.0,,Keyboard & Mouse Set,USB,0
Andowl QY-K08,16.90 €,σε 3 καταστήματα,0.0,,Keyboard Only,Bluetooth,0
Titanum TK109,8.01 €,σε 5 καταστήματα,0.0,,Keyboard & Mouse Set,USB,0
Viboton i8 Plus,16.70 €,σε 2 καταστήματα,0.0,,Keyboard with Touchpad,Bluetooth,0
Andowl QY-K01 White,14.90 €,στο E-matrix,0.0,,Keyboard Only,USB,0
Matias Wired Aluminum Tenkeyless Keyboard for Mac Silver,46.99 €,σε 2 καταστήματα,0.0,,Keyboard Only,USB,0
KeySonic ACK-595C+,36.00 €,στο Dexter,5.0,1,Keyboard Only,USB,0
Matias Wireless Aluminum Keyboard Space Gray,82.84 €,σε 2 καταστήματα,0.0,,Keyboard Only,Bluetooth,0
Tracer Octavia II Nano,13.02 €,σε 3 καταστήματα,5.0,1,Keyboard & Mouse Set,USB,0
Trust Classicline Wired Keyboard and Mouse,13.67 €,σε 6 καταστήματα,3.5,2,Keyboard & Mouse Set,USB,0
Logic LK-12,4.27 €,σε 3 καταστήματα,5.0,1,Keyboard Only,USB,0
DAS Keyboard 4 Professional for Mac,149.68 €,σε 2 καταστήματα,0.0,,Keyboard Only,USB,0
Matias Wired Aluminum Keyboard for Mac Space Gray,60.54 €,σε 2 καταστήματα,0.0,,Keyboard Only,USB,0
Silicone Keyboard Ροζ,9.00 €,σε 2 καταστήματα,0.0,,Keyboard Only,USB,0
Andowl QY-K01,9.70 €,σε 3 καταστήματα,0.0,,Keyboard Only,USB,0
Universal Foldable Silver,21.20 €,σε 2 καταστήματα,0.0,,Keyboard Only,Bluetooth,0
Lenovo Professional Wireless Keyboard and Mouse Combo,52.80 €,σε 12 καταστήματα,3.0,1,Keyboard & Mouse Set,USB,0
Powertech PT-680,17.70 €,σε 3 καταστήματα,3.7,3,Keyboard & Mouse Set,USB,0
KeySonic ACK-3401U,26.68 €,σε 4 καταστήματα,0.0,,Keyboard Only,USB,0
Microsoft Ergonomic Keyboard,95.00 €,στο Bestdeals,0.0,,Keyboard Only,USB,0
Wireless QWERTY Keyboard White,10.97 €,σε 3 καταστήματα,0.0,,Keyboard with Touchpad,USB,0
Q-812 Silver,23.00 €,σε 2 καταστήματα,0.0,,Keyboard Only,Bluetooth,0
ANG R4,29.99 €,σε 2 καταστήματα,0.0,,Keyboard Only,Bluetooth,0
Mixie X70,8.90 €,σε 4 καταστήματα,0.0,,Keyboard Only,USB,0
Esperanza Memphis,4.95 €,σε 6 καταστήματα,0.0,,Keyboard Only,USB,0
Riitek K22,32.93 €,σε 5 καταστήματα,0.0,,Keyboard with Touchpad,USB,0
Rebeltec Simplo,8.09 €,σε 8 καταστήματα,0.0,,Keyboard & Mouse Set,USB,0
Gembird KPD-U-02,6.90 €,σε 2 καταστήματα,0.0,,Keyboard Only,USB,0
Blow BK105,33.90 €,σε 2 καταστήματα,0.0,,Keyboard Only,Bluetooth,0
Lamtech LAM622185,12.99 €,σε 13 καταστήματα,4.0,1,Keyboard & Mouse Set,USB,0
Matias Wireless Multi-Pairing Keyboard for Mac,60.24 €,στο Gamefreak,0.0,,Keyboard Only,Bluetooth,0
Ezra AM01,10.90 €,στο MelodiaEshop,0.0,,Keyboard Only,USB,0
Microsoft Surface Go Type Cover,113.00 €,στο Unimax,0.0,,Keyboard Only,Keyboard Only,0
Turbo-X Miro,19.90 €,στο Plaisio,0.0,,Keyboard & Mouse Set,USB,0
Lenovo Professional Ultraslim Wireless,84.00 €,στο Unimax,0.0,,Keyboard & Mouse Set,USB,0
Mini Bluetooth Magnetic Foldable Black,30.69 €,σε 8 καταστήματα,2.7,3,Keyboard Only,Bluetooth,0
Tellur Wireless Keyboard And Mouse Kit,19.90 €,στο Digishark,0.0,,Keyboard & Mouse Set,USB,0
Turbo-X DWLC 9100,22.90 €,στο Plaisio,0.0,,Keyboard & Mouse Set,USB,0
Turbo-X DW-1000,14.90 €,στο Plaisio,0.0,,Keyboard Only,USB,0
Logitech Combo MK345,59.00 €,στο Bestdeals,4.0,1,Keyboard & Mouse Set,USB / Bluetooth,0
Tellur Wired Keyboard,9.90 €,στο Digishark,0.0,,Keyboard Only,USB,0
Mobilis Retro Red,26.49 €,σε 7 καταστήματα,5.0,1,Keyboard Only,USB,2
R-Horse RF-8801 Silver,18.40 €,σε 3 καταστήματα,2.8,4,Keyboard & Mouse Set,USB,2
Dell KB216 Grey,10.87 €,σε 2 καταστήματα,4.6,80,Keyboard Only,USB,3
Turbo-X SMRT-400,24.90 €,στο Plaisio,0.0,,Keyboard with Touchpad,USB,0
Esperanza Akron TK109,8.90 €,στο PC1,0.0,,Keyboard with Touchpad,Ασύρματο,0
UKB-500 Keyboard,13.90 €,σε 2 καταστήματα,0.0,,Keyboard with Touchpad,USB,0
Turbo-X T 400,29.90 €,στο Plaisio,0.0,,Keyboard with Touchpad,USB,0
Turbo-X DWC 8000,17.90 €,στο Plaisio,0.0,,Keyboard & Mouse Set,USB,0
Gembird KB-BT-001 White,19.90 €,σε 2 καταστήματα,2.7,3,Keyboard Only,Bluetooth,0
1Life kb:kit,12.08 €,σε 2 καταστήματα,0.0,,Keyboard & Mouse Set,USB,0
Universal Foldable Rose Gold,23.98 €,σε 2 καταστήματα,0.0,,Keyboard Only,Bluetooth,0
Remax Jinyin MK601,29.90 €,σε 2 καταστήματα,0.0,,Keyboard & Mouse Set,Bluetooth / USB,0
Turbo-X DWLC 6100,17.90 €,στο Plaisio,0.0,,Keyboard & Mouse Set,USB,0
Viboton i8 Plus Mini,14.90 €,στο Stin Porta Sou,0.0,,Keyboard with Touchpad,Bluetooth,0
Rebeltec Vortex,14.40 €,στο PhoneaholicElectronics,0.0,,Keyboard & Mouse Set,USB,0
Omega OKM071B,12.00 €,σε 11 καταστήματα,0.0,,Keyboard & Mouse Set,USB,0
Matias RGB Backlit Wired Aluminum Tenkeyless Keyboard for Mac Space Gray,80.22 €,στο Gamefreak,0.0,,Keyboard Only,USB,0
Turbo-X MC 110 Blue,17.90 €,στο Plaisio,0.0,,Keyboard & Mouse Set,USB,0
Turbo-X MC 110,17.90 €,στο Plaisio,0.0,,Keyboard & Mouse Set,USB,0
Logickeyboard Cubase Nuendo Astra,144.00 €,στο Comart,0.0,,Keyboard Only,USB,0
Turbo-X DW-800,9.90 €,στο Plaisio,0.0,,Keyboard Only,USB,0
Turbo-X DWC 6000,14.90 €,στο Plaisio,0.0,,Keyboard & Mouse Set,USB,0
Turbo-X DW-600,11.90 €,στο Plaisio,0.0,,Keyboard Only,USB,0
Matias Wireless Aluminum Tenkeyless Keyboard Silver,75.68 €,στο Gamefreak,0.0,,Keyboard Only,Bluetooth,0
Logickeyboard Adobe Photographer PC ASTRA Backlit Keyboard,144.00 €,στο Comart,0.0,,Keyboard Only,USB,0
Art AK-46U,7.94 €,σε 6 καταστήματα,0.0,,Keyboard Only,USB,0
Microsoft Surface Keyboard,149.00 €,σε 2 καταστήματα,3.8,5,Keyboard Only,Bluetooth,0
Andowl Q-811,14.30 €,στο Keshop,0.0,,Keyboard Only,USB,0
Esperanza TKR101,6.00 €,στο Gamefreak,0.0,,Keyboard Only,USB,0
uGo Etna CW110,7.73 €,σε 3 καταστήματα,0.0,,Keyboard & Mouse Set,USB,0
Motospeed S102,15.00 €,στο YouHou,0.0,,Keyboard with Touchpad,USB,0
Yenkee YKM 2007CS,39.00 €,στο E-Safari,0.0,,Keyboard & Mouse Set,USB,0
Omoton Ultra-Slim Bluetooth Keyboard,39.00 €,στο iSystem Store,0.0,,Keyboard Only,Bluetooth,0
NGS Wired Set Cocoa Kit,24.40 €,στο 3dmall,0.0,,Keyboard & Mouse Set,USB,0
Yenkee YKB 1002CS,10.00 €,στο Cosmo-market,0.0,,Keyboard Only,USB,0
Blow KP-106 Black,11.90 €,στο Klstore,0.0,,Keyboard Only,USB,0
Q-Tech KBQ-2030,12.90 €,σε 3 καταστήματα,0.0,,Keyboard Only,USB,0
Logickeyboard Davinci Resolve 14 Astra,98.00 €,στο Comart,0.0,,Keyboard Only,USB,0
Riitek Rii K16,115.00 €,στο Rhoelect,0.0,,Keyboard with Touchpad,Bluetooth / USB,0
Sandberg Wireless Numeric Keypad 2,16.90 €,σε 3 καταστήματα,4.5,2,Keyboard Only,USB,0
Riitek Rii RK901,29.00 €,στο Rhoelect,0.0,,Keyboard Only,USB,0
Logickeyboard Blackmagic Design DaVinci Resolve 16 Astra,144.00 €,στο Comart,0.0,,Keyboard Only,USB,0
Logitech Wireless Keyboard K230,28.38 €,στο PC1,4.5,20,Keyboard Only,USB,0
Zagg ZLTKBW-BB0,59.90 €,σε 2 καταστήματα,0.0,,Keyboard Only,Lightning,0
Satechi Compact Backlit,79.99 €,στο Mozik,0.0,,Keyboard Only,Bluetooth,0
Savio KW-03,14.02 €,σε 2 καταστήματα,0.0,,Keyboard with Touchpad,USB,0
Riitek Rii mini H9S,13.79 €,σε 6 καταστήματα,0.0,,Keyboard with Touchpad,USB,0
Mobilis RK908 Black,31.50 €,στο Pswnia,4.5,2,Keyboard Only,Bluetooth,3
Esperanza EK130 Black,6.45 €,σε 11 καταστήματα,0.0,,Keyboard Only,USB,2
Microsoft Surface Pro Type Cover Black,133.21 €,στο MG Manager,0.0,,Keyboard with Touchpad,Dock,2
Microsoft Surface Pro Signature Type Cover Charcoal Grey,144.00 €,στο Unimax,0.0,,Keyboard with Touchpad,Dock,6
Everest MVLGR-2,5.29 €,σε 5 καταστήματα,0.0,,Keyboard Only,USB,0
Blow KP-23,7.80 €,σε 3 καταστήματα,0.0,,Keyboard Only,USB,0
Satechi Aluminum Bluetooth Keyboard Space Gray,79.90 €,σε 4 καταστήματα,3.0,2,Keyboard Only,Bluetooth,0
Weibo WB-560,14.30 €,στο Mobibus,0.0,,Keyboard Only,USB,0
Rebeltec Vertex,16.70 €,στο MrBig,0.0,,Keyboard & Mouse Set,USB,0
Andowl QY-K09,22.90 €,στο E-matrix,0.0,,Keyboard Only,USB,0
Trust Vaia,27.67 €,στο E-gate,0.0,,Keyboard with Touchpad,USB,0
Belkin YourType Keyboard + Stand,37.90 €,στο BTShop,0.0,,Keyboard Only,Dock,0
Macally Compact Space Gray USB Wired Keyboard,59.00 €,στο Bestdeals,0.0,,Keyboard Only,USB,0
Logickeyboard Adobe Photographer Astra for Mac,144.00 €,στο Comart,0.0,,Keyboard Only,USB,0
Logickeyboard Adobe Filmmaker Astra for Mac,144.00 €,στο Comart,0.0,,Keyboard Only,USB,0
Das KeyBoard 4 Professional root,129.60 €,σε 2 καταστήματα,0.0,,Keyboard Only,USB,0
Satechi Aluminum Wired USB Keyboard for Apple,69.90 €,στο Plusmobi,0.0,,Keyboard Only,USB,0
Blow BK103,9.81 €,σε 3 καταστήματα,0.0,,Keyboard Only,Bluetooth,0
Google Pixel Slate,199.00 €,στο Bestdeals,0.0,,Keyboard Only,Dock,0
Sandberg Bluetooth Numeric Keypad,39.70 €,στο Play247,0.0,,Keyboard Only,Bluetooth,0
Yenkee YKM 2006US,22.90 €,σε 3 καταστήματα,0.0,,Keyboard & Mouse Set,USB,0
Riitek K12,29.90 €,σε 3 καταστήματα,0.0,,Keyboard with Touchpad,USB,0
HP Slim USB Keyboard and Mouse,24.50 €,σε 9 καταστήματα,0.0,,Keyboard & Mouse Set,USB,0
Silicone Keyboard Λευκό,13.99 €,στο Ideahellas,0.0,,Keyboard Only,USB,0
A4Tech ComfortKey Desktop Black,10.50 €,σε 2 καταστήματα,0.0,,Keyboard & Mouse Set,USB,0
Azio Retro Classic USB Artisan Black/Gold,289.00 €,στο Bestdeals,0.0,,Keyboard Only,USB,0
Logickeyboard Avid Pro Tools FRZ,131.00 €,στο Thomann,0.0,,Keyboard Only,USB,0
Esperanza TK101,4.80 €,σε 4 καταστήματα,4.0,2,Keyboard Only,USB,0
HP Wireless Keyboard and Mouse 300,25.20 €,σε 20 καταστήματα,1.0,1,Keyboard & Mouse Set,USB,0
Zagg Tri Fold,89.90 €,στο Game Explorers,0.0,,Keyboard Only,Bluetooth,0
Conceptum KBW01 White,25.90 €,στο Market24,4.7,3,Keyboard with Touchpad,USB,0
Azio Retro Classic USB White/Gold,285.00 €,στο Bestdeals,0.0,,Keyboard Only,USB,0
Azio Retro Classic USB Elwood,279.00 €,στο Bestdeals,0.0,,Keyboard Only,USB,0
Xcellon KW-A300B,49.00 €,στο Bestdeals,0.0,,Keyboard Only,USB,0
Microsoft Surface Pro X Signature,399.00 €,στο Bestdeals,0.0,,Keyboard with Touchpad,Dock,0
Riitek Mini i15,38.36 €,στο Tsampashop,0.0,,Keyboard with Touchpad,USB,0
Weibo WB-8011,16.20 €,σε 3 καταστήματα,0.0,,Keyboard & Mouse Set,USB,0
Keywin RL-GK06,10.78 €,σε 3 καταστήματα,0.0,,Keyboard & Mouse Set,USB,0
Natec Swordfish,5.73 €,σε 9 καταστήματα,0.0,,Keyboard Only,USB,0
Keywin GK300,12.03 €,στο Telephoneplus,0.0,,Keyboard & Mouse Set,USB,0
NG KB-UM-104,7.40 €,στο Gamescom,0.0,,Keyboard Only,USB,0
Microsoft Surface Pro Signature Type Cover Alcantara Platinum,179.00 €,στο Bestdeals,0.0,,Keyboard with Touchpad,Dock,6
Logitech Wireless Solar Keyboard K750 White,89.00 €,στο Bestdeals,4.8,4,Keyboard Only,USB,2
Natec Tetra Blue/White,28.50 €,στο PC1,0.0,,Keyboard & Mouse Set,USB,2
Modecom MC-5003 Art Barbie,3.90 €,στο Infoworld,0.0,,Keyboard Only,USB,2
G-Cube Mad For Plaid Red,17.70 €,στο Chapter 1,5.0,1,Keyboard & Mouse Set,USB,2
Roline Numeric Keyboard USB Black,10.78 €,σε 2 καταστήματα,0.0,,Keyboard Only,USB,2
Microsoft Surface Pro Type Cover Alcantara Platinum,174.51 €,σε 3 καταστήματα,0.0,,Keyboard with Touchpad,Dock,2
LMP KB-1243 Grey,94.90 €,στο Plusmobi,0.0,,Keyboard Only,USB,2
Esperanza Silicone EK126K,6.43 €,σε 15 καταστήματα,2.5,2,Keyboard Only,USB,2
Microsoft Surface Pro Signature Type Cover Poppy Red,179.00 €,στο Bestdeals,0.0,,Keyboard with Touchpad,Dock,6
G-Cube Mad for Plaid Pink,28.50 €,στο PC1,5.0,1,Keyboard & Mouse Set,USB,2
De Tech DE6090,6.90 €,σε 2 καταστήματα,0.0,,Keyboard Only,USB,0
Mobilis B033 White,34.48 €,σε 3 καταστήματα,0.0,,Keyboard Only,Bluetooth,0
Esperanza EK134,4.08 €,σε 3 καταστήματα,0.0,,Keyboard Only,USB,0
Advent ADESKWL19K,17.99 €,στο Kotsovolos,0.0,,Keyboard & Mouse Set,USB,0
Logitech Advanced Combo Wireless Keyboard and Mouse,59.90 €,σε 2 καταστήματα,0.0,,Keyboard & Mouse Set,USB,0
Raspberry Pi Keyboard White,18.90 €,σε 3 καταστήματα,0.0,,Keyboard Only,USB,0
Promate SiriKeyboard,46.90 €,σε 6 καταστήματα,0.0,,Keyboard Only,Bluetooth,0
Alcatroz Jellybean U200 Mint,9.90 €,στο Tech HUB Store,0.0,,Keyboard Only,USB,0
Advent C112K,11.99 €,στο Kotsovolos,0.0,,Keyboard & Mouse Set,USB,0
BSL RMBSL-40RFT,30.90 €,στο 3dmall,0.0,,Keyboard with Touchpad,USB,0
KeySonic KSK-5230,72.00 €,σε 2 καταστήματα,0.0,,Keyboard with Touchpad,USB,0
Tracer Luster,15.30 €,σε 3 καταστήματα,0.0,,Keyboard Only,USB,0
Omega OKB004B,25.00 €,σε 3 καταστήματα,0.0,,Keyboard with Touchpad,USB,0
Blow KP-112,8.99 €,στο BeeGadget,0.0,,Keyboard Only,USB,0
Mobilis Mini,5.42 €,σε 2 καταστήματα,0.0,,Keyboard Only,USB,0
LogiLink ID0184,5.43 €,σε 2 καταστήματα,0.0,,Keyboard Only,USB,0
Active Jet K-3113,5.56 €,σε 2 καταστήματα,0.0,,Keyboard Only,USB,0
Riitek Rii mini K12,33.50 €,σε 2 καταστήματα,4.3,3,Keyboard with Touchpad,USB / Bluetooth,0
De Tech DE6084,6.81 €,στο 8com,0.0,,Keyboard Only,USB,0
Active Jet K-3016 White Slim,5.56 €,σε 2 καταστήματα,0.0,,Keyboard Only,USB,0
KB560,31.87 €,σε 11 καταστήματα,0.0,,Keyboard Only,Bluetooth,0
Natec Goby,4.28 €,σε 2 καταστήματα,0.0,,Keyboard Only,USB,0
Rapoo 8060,20.00 €,στο Onlien,0.0,,Keyboard & Mouse Set,USB,0
A4Tech KB-8A,8.91 €,σε 2 καταστήματα,0.0,,Keyboard Only,USB,0
Lamtech LAM040830,8.63 €,σε 11 καταστήματα,0.0,,Keyboard & Mouse Set,USB,0
Sbox BT-05,13.45 €,σε 2 καταστήματα,0.0,,Keyboard Only,Bluetooth,0
Bitmore K200,7.24 €,σε 3 καταστήματα,5.0,1,Keyboard Only,USB,0
R-Horse FC-5166,17.00 €,στο Game-Show,0.0,,Keyboard & Mouse Set,USB,0
Logickeyboard Logic Pro X - Mac Astra,144.00 €,σε 2 καταστήματα,0.0,,Keyboard Only,USB,0
Trust Ziva,8.89 €,σε 3 καταστήματα,4.0,1,Keyboard Only,USB,0
Gembird KBS-WCH-01,12.56 €,σε 9 καταστήματα,3.5,10,Keyboard & Mouse Set,USB,0
OEM WB-8099,15.00 €,σε 2 καταστήματα,0.0,,Keyboard & Mouse Set,USB,0
Logickeyboard Pro Tools - Mac Astra,144.00 €,σε 2 καταστήματα,0.0,,Keyboard Only,USB,0
Tracer Cinnabar RF,20.00 €,στο ShopLife,0.0,,Keyboard & Mouse Set,USB,0
Sandberg Wired Numeric Keypad,11.99 €,στο Play247,0.0,,Keyboard Only,USB,0
Matias Wired Aluminium Mac Keyboard,60.54 €,στο Gamefreak,0.0,,Keyboard Only,USB,0
Esperanza Retro,5.49 €,στο PC1,0.0,,Keyboard Only,USB,0
Tracer Maverick Black,4.10 €,στο Gamefreak,0.0,,Keyboard Only,USB,0
Trust ClassicLine,10.06 €,σε 2 καταστήματα,0.0,,Keyboard Only,USB,0
HP USB Slim Business Keyboard,20.68 €,σε 9 καταστήματα,3.0,1,Keyboard Only,USB,0
Qoltec Wireless Touchpad,31.90 €,στο My24shop,0.0,,Keyboard with Touchpad,USB,0
Gembird KBS-WM-03,18.90 €,στο PC Evolution,0.0,,Keyboard & Mouse Set,USB,0
A4Tech KR-92,8.42 €,στο Gamefreak,0.0,,Keyboard Only,USB,0
Lenovo 510,44.90 €,σε 2 καταστήματα,0.0,,Keyboard & Mouse Set,USB,0
Natec Discus Black,7.31 €,σε 4 καταστήματα,0.0,,Keyboard Only,USB,2
Esperanza EK122K,18.69 €,σε 5 καταστήματα,4.0,1,Keyboard & Mouse Set,USB,2
R-Horse RF-8801 Gold,18.40 €,σε 4 καταστήματα,2.8,4,Keyboard & Mouse Set,USB,2
Element KB-590WMS Red,19.90 €,σε 3 καταστήματα,0.0,,Keyboard & Mouse Set,USB,2
KeySonic KSK-3023,49.80 €,στο VNP Shop,0.0,,Keyboard Only,Bluetooth,0
Microsoft Surface Pro 3 Type Cover Purple,59.90 €,στο Infoworld,5.0,1,Keyboard with Touchpad,Bluetooth,0
Logickeyboard Bmd Davinci Resolve - Astra Mac,144.00 €,στο Comart,0.0,,Keyboard Only,USB,0
Logickeyboard Premiere Pro CC - PC Astra,142.00 €,στο Comart,0.0,,Keyboard Only,USB,0
Logickeyboard Edius - PC Astra,142.00 €,στο Comart,0.0,,Keyboard Only,USB,0
Logickeyboard Vegas Pro - PC Astra,144.00 €,στο Comart,0.0,,Keyboard Only,USB,0
Logickeyboard Cinema 4D - PC Astra,144.00 €,στο Comart,0.0,,Keyboard Only,USB,0
Logickeyboard Pro Tools - PC Astra,144.00 €,στο Comart,0.0,,Keyboard Only,USB,0
Logickeyboard Final Cut Pro X - Mac Astra,144.00 €,στο Comart,0.0,,Keyboard Only,USB,0
Logickeyboard Cinema 4D - Mac Astra,144.00 €,στο Comart,0.0,,Keyboard Only,USB,0
Canyon Ultra slim keyboard with side LED lights,14.50 €,στο Allaboutoffice,0.0,,Keyboard Only,USB,0
Dell KM714,55.00 €,σε 2 καταστήματα,4.1,7,Keyboard & Mouse Set,USB,0
Lamtech LAM622178,4.98 €,σε 13 καταστήματα,0.0,,Keyboard Only,USB,0
Gembird KB-U-103,5.79 €,σε 6 καταστήματα,3.7,3,Keyboard Only,USB,0
Savio KW-02,13.86 €,σε 2 καταστήματα,0.0,,Keyboard with Touchpad,USB,0
Gembird Numeric Keypad KPD-U-01,6.50 €,σε 2 καταστήματα,0.0,,Keyboard Only,USB,0
HP Wireless Collaboration Keyboard,63.00 €,σε 3 καταστήματα,0.0,,Keyboard Only,USB,0
Riitek RT725,44.00 €,στο Rhoelect,0.0,,Keyboard Only,USB,0
Natec Barracuda Slim,12.00 €,σε 3 καταστήματα,4.0,1,Keyboard Only,USB,0
Riitek Rii i5,36.90 €,στο E-smartbuy,0.0,,Keyboard with Touchpad,USB / Bluetooth,0
HAMA Verano,9.30 €,σε 4 καταστήματα,0.0,,Keyboard Only,USB,0
Gembird KBS-W-01,16.90 €,σε 2 καταστήματα,0.0,,Keyboard & Mouse Set,USB,0
Canyon Classic Wired Combo Set,19.99 €,στο Monogramma Eshop,0.0,,Keyboard & Mouse Set,USB,0
Lamtech LAM021288,13.27 €,σε 9 καταστήματα,1.0,1,Keyboard Only,Bluetooth,0
HP K1500,9.88 €,σε 11 καταστήματα,0.0,,Keyboard Only,USB,0
Genius KB 110,7.70 €,σε 5 καταστήματα,0.0,,Keyboard Only,USB,0
HP Wireless Slim Business Keyboard,57.00 €,στο Allaboutoffice,0.0,,Keyboard & Mouse Set,USB,0
Natec Trout Slim,3.49 €,σε 5 καταστήματα,0.0,,Keyboard Only,USB,0
Powertech PT-185,12.88 €,σε 14 καταστήματα,2.0,1,Keyboard & Mouse Set,USB,0
HP Wireless Premium,77.80 €,στο VNP Shop,0.0,,Keyboard Only,USB,0
Mobilis MK-121,5.32 €,σε 10 καταστήματα,0.0,,Keyboard Only,USB,0
Dell KB212-B,15.00 €,στο Media Center,5.0,2,Keyboard Only,USB,0
Esperanza EK112,8.40 €,στο PC1,4.0,1,Keyboard Only,USB,0
Lamtech LAM081703,15.88 €,σε 5 καταστήματα,0.0,,Keyboard with Touchpad,USB,0
Esperanza Aspen Wireless Set EK120,18.20 €,σε 7 καταστήματα,3.7,3,Keyboard & Mouse Set,USB,0
Microsoft Surface Pro Standard,139.00 €,σε 2 καταστήματα,0.0,,Keyboard with Touchpad,Dock,0
Universal Foldable Gold,20.00 €,σε 4 καταστήματα,3.0,1,Keyboard Only,Bluetooth,0
Savio KW-01,14.16 €,στο PC1,3.0,1,Keyboard with Touchpad,USB,0
Esperanza EK-129,2.77 €,σε 9 καταστήματα,0.0,,Keyboard Only,USB,0
Mobilis MK-137,5.90 €,στο Telephoneplus,4.0,2,Keyboard Only,USB,0
Xiaomi MIIIW MWBK01 Black,58.70 €,στο BBshop,5.0,1,Keyboard Only,Bluetooth,2
Microsoft Surface Go Signature Type Platinum,113.00 €,σε 2 καταστήματα,5.0,1,Keyboard Only,Dock,2
Natec Tetra White,28.50 €,στο PC1,0.0,,Keyboard & Mouse Set,USB,2
Element KB-590WMS Green,16.90 €,σε 2 καταστήματα,0.0,,Keyboard & Mouse Set,USB,2
Esperanza Silicone EK126 White,7.90 €,σε 13 καταστήματα,2.5,2,Keyboard Only,USB,2
Logitech Wireless Solar Keyboard K750,89.00 €,σε 2 καταστήματα,4.8,4,Keyboard Only,USB,2
LMP KB-1243 White,78.00 €,σε 2 καταστήματα,0.0,,Keyboard Only,USB,2
Esperanza EK122 White,17.99 €,σε 5 καταστήματα,4.0,1,Keyboard & Mouse Set,USB,2
Logitech Wireless Keyboard K270,32.60 €,στο MG Manager,4.2,12,Keyboard Only,USB,0
Approx APPKBECO,6.76 €,σε 3 καταστήματα,0.0,,Keyboard Only,USB,0
Genius NumPad i120,12.60 €,στο Antoniadis,0.0,,Keyboard Only,USB,0
Esperanza TK102,4.80 €,σε 3 καταστήματα,0.0,,Keyboard Only,USB,0
Tracer Maverick,3.83 €,σε 3 καταστήματα,0.0,,Keyboard Only,USB,0
Media-Tech MT1250,8.87 €,σε 4 καταστήματα,0.0,,Keyboard Only,USB,0
Riitek i28,36.15 €,στο Tsampashop,4.0,1,Keyboard with Touchpad,USB,0
Kanex MultiSync for Mac & iOS Gray,89.00 €,στο Bestdeals,0.0,,Keyboard Only,USB,0
Conceptum CBM501,9.29 €,σε 9 καταστήματα,1.0,1,Keyboard & Mouse Set,USB,0
Trust Ximo,17.00 €,σε 4 καταστήματα,0.0,,Keyboard & Mouse Set,USB,0
HP C2500 Desktop,16.05 €,σε 8 καταστήματα,0.0,,Keyboard & Mouse Set,USB,0
Logickeyboard Avid Media Composer,142.00 €,στο Comart,4.0,1,Keyboard Only,USB,0
FanTech K3M,9.90 €,σε 4 καταστήματα,0.0,,Keyboard Only,USB,0
Havit G21,19.90 €,στο The Console Club,4.0,1,Keyboard & Mouse Set,USB,0
NOD KMS-001,8.90 €,σε 5 καταστήματα,0.0,,Keyboard & Mouse Set,USB,0
Esperanza Titanum Orlando TK104,21.80 €,στο Planetstore,0.0,,Keyboard & Mouse Set,USB,0
Esperanza EK121 Kid,9.40 €,σε 7 καταστήματα,0.0,,Keyboard Only,USB,0
A4Tech KV-300H,22.41 €,σε 2 καταστήματα,0.0,,Keyboard Only,USB,0
Azio Retro Classic USB Black,285.00 €,στο Bestdeals,0.0,,Keyboard Only,USB,0
Weibo WB-8068,12.94 €,σε 7 καταστήματα,2.8,8,Keyboard & Mouse Set,USB,0
Havit KB-44401,12.00 €,σε 2 καταστήματα,4.0,1,Keyboard Only,USB,0
Viboton S1,23.85 €,στο MrDigital,4.0,1,Keyboard Only,USB,0
A4Tech KR-83,11.06 €,στο Techstores,0.0,,Keyboard Only,USB,0
Lenovo Smartcard,65.00 €,στο Bestdeals,0.0,,Keyboard Only,USB,0
Logitech Wireless Wave Combo MK550,89.00 €,στο Bestdeals,0.0,,Keyboard & Mouse Set,USB,0
A4Tech KR-750,10.91 €,στο Techstores,0.0,,Keyboard Only,USB,0
Rapoo 8000,20.00 €,στο Onlien,0.0,,Keyboard & Mouse Set,USB,0
Modecom MC-700U,18.73 €,στο Gamefreak,0.0,,Keyboard Only,USB,0
Minix Neo K2 Touchpad,43.00 €,σε 3 καταστήματα,0.0,,Keyboard with Touchpad,USB,0
Minix Neo K1 Mini Touchpad,38.90 €,σε 2 καταστήματα,0.0,,Keyboard with Touchpad,USB,0
A4Tech KRS-8372,14.26 €,στο Techstores,3.0,1,Keyboard & Mouse Set,USB,0
Riitek Mini Wireless Keyboard i10,44.00 €,στο Rhoelect,4.0,2,Keyboard with Touchpad,USB,0
Logitech K830 Black,116.00 €,σε 2 καταστήματα,3.8,6,Keyboard with Touchpad,USB / Bluetooth,0
Gembird KB-9835LU,17.00 €,στο PC1,0.0,,Keyboard Only,USB,0
Esperanza EK115,15.07 €,στο PC1,0.0,,Keyboard Only,USB,0
Esperanza EK102,5.50 €,στο PC1,0.0,,Keyboard Only,USB,0
Proster PST006,21.74 €,στο 8com,0.0,,Keyboard with Touchpad,USB,0
Sandberg Streamboard Nordic,66.95 €,στο Market24,0.0,,Keyboard with Touchpad,USB,0
Rebeltec Solid,5.99 €,σε 4 καταστήματα,0.0,,Keyboard Only,USB,0
Matias Bluetooth Aluminum Keyboard Silver,83.25 €,στο Gamefreak,0.0,,Keyboard Only,Bluetooth,0
Powertech PT-190,9.99 €,σε 5 καταστήματα,3.3,3,Keyboard Only,USB,0
HAMA SK140,11.30 €,στο PC1,0.0,,Keyboard Only,USB,0
Esperanza TK107,3.27 €,σε 4 καταστήματα,2.0,1,Keyboard Only,USB,0
DeLock USB Key Pad 19 keys,8.90 €,στο Profesor,0.0,,Keyboard Only,USB,0
Powertech PT-301,8.95 €,στο GC-TECH,3.5,2,Keyboard Only,USB,0
Azio Mk Mac Wired USB Backlit Mechanical Keyboard,149.00 €,στο Bestdeals,3.0,1,Keyboard Only,USB,0
Microsoft Surface Pro Signature Type Cover Blue,159.90 €,στο E-rainbow,0.0,,Keyboard with Touchpad,Dock,6
Esperanza EK130 White,11.50 €,στο Techaway,0.0,,Keyboard Only,USB,2
Visiontek CandyBoard Wireless,59.00 €,στο Bestdeals,0.0,,Keyboard with Touchpad,USB,0
Approx KBWSAKIT,27.90 €,στο Game-Show,3.0,1,Keyboard & Mouse Set,USB,0
Rebeltec Elegance,16.98 €,σε 3 καταστήματα,3.0,1,Keyboard Only,USB,0
HP Classic Wired Keyboard,10.90 €,σε 4 καταστήματα,4.3,3,Keyboard Only,USB,0
Measy GP800,19.00 €,στο Minya,3.0,1,Keyboard with Touchpad,USB,0
Rebeltec Espiro,6.00 €,σε 4 καταστήματα,0.0,,Keyboard Only,USB,0
Sandberg Nor,22.30 €,στο Play247,0.0,,Keyboard & Mouse Set,USB,0
Sandberg Wireless Office DesktopSet UK,42.15 €,στο Market24,0.0,,Keyboard & Mouse Set,USB,0
Sandberg Nord,13.60 €,στο Play247,0.0,,Keyboard Only,USB,0
FanTech FTK-801,5.80 €,σε 5 καταστήματα,0.0,,Keyboard Only,USB,0
FanTech WK-890,19.00 €,στο Wintouch,0.0,,Keyboard & Mouse Set,USB,0
Riitek Rii mini i12,39.32 €,σε 2 καταστήματα,4.0,1,Keyboard with Touchpad,USB,0
Lenovo Ultrabook Keyboard,39.90 €,στο Infoworld,4.0,1,Keyboard with Touchpad,Bluetooth,0
KeySonic KSK-8030IN,65.80 €,σε 2 καταστήματα,0.0,,Keyboard Only,USB,0
Kit KBXLBKKT,29.90 €,στο Electroland,0.0,,Keyboard Only,Bluetooth,0
Belkin YourType Bluetooth Wireless Keypad,53.99 €,σε 6 καταστήματα,2.5,2,Keyboard Only,Bluetooth,0
KeySonic ACK-118BK,6.02 €,σε 6 καταστήματα,3.0,1,Keyboard Only,USB,0
Media-Tech MT1421,17.90 €,σε 6 καταστήματα,1.0,1,Keyboard with Touchpad,USB,0
Weibo WB-8033,13.10 €,σε 2 καταστήματα,0.0,,Keyboard & Mouse Set,USB,0
Lenovo ThinkPad Tablet 2 Bluetooth Keyboard with Stand,69.90 €,σε 8 καταστήματα,0.0,,Keyboard Only,Bluetooth,0
Havit Mini K-1000,12.90 €,στο Pswnia,3.0,1,Keyboard Only,USB,0
Lenovo Multi-OS Keyboard W500,84.90 €,στο Tech-in,0.0,,Keyboard Only,Bluetooth,0
Rebeltec Pure,17.90 €,στο Media Center,3.0,2,Keyboard & Mouse Set,USB,0
Logickeyboard Avid Media Composer Advance,142.00 €,στο Comart,0.0,,Keyboard Only,USB,0
Logickeyboard Avid Media Composer Slim,142.00 €,στο Comart,0.0,,Keyboard Only,USB,0
Logickeyboard Avid Media Composer PC Backlit Astra Keyboard,142.00 €,στο Comart,0.0,,Keyboard Only,USB,0
Esperanza Titanum TK106,4.18 €,σε 3 καταστήματα,0.0,,Keyboard & Mouse Set,USB,0
Logitech Keys-To-Go Black,89.00 €,στο Bestdeals,4.0,1,Keyboard Only,Bluetooth,0
Omega OKM025 Set,12.00 €,στο Media Center,0.0,,Keyboard & Mouse Set,USB,0
Rebeltec Portal,14.50 €,στο Kinitomania,0.0,,Keyboard Only,USB,0
Element KB-700W,31.50 €,σε 3 καταστήματα,3.7,3,Keyboard with Touchpad,USB,0
Kanex Multi-Sync Bluetooth Keyboard for PC/Android,39.99 €,στο Bestdeals,0.0,,Keyboard Only,Bluetooth,0
LogiLink Wireless Numeric Keypad with 18 Keys,12.03 €,σε 4 καταστήματα,0.0,,Keyboard Only,USB,0
Element KB-260WMS,19.50 €,σε 3 καταστήματα,0.0,,Keyboard & Mouse Set,USB,0
Esperanza Standard TK103,4.90 €,σε 2 καταστήματα,3.0,1,Keyboard Only,USB,0
Tracer Eureka TRK-325,24.90 €,στο Tech-in,0.0,,Keyboard Only,Bluetooth,0
Sansun SN-322,42.00 €,στο Studio Mao,0.0,,Keyboard & Mouse Set,USB,0
A4Tech Wireless Desktop Padless 7100n,21.38 €,σε 2 καταστήματα,0.0,,Keyboard & Mouse Set,USB,0
Tracer Keybox II RF Nano,13.00 €,στο video club εντεκατη,0.0,,Keyboard & Mouse Set,USB,0
Riitek Mini Wireless Keyboard K01 V3,19.50 €,σε 4 καταστήματα,0.0,,Keyboard with Touchpad,USB,0
Trust Veza,24.99 €,σε 7 καταστήματα,2.0,2,Keyboard with Touchpad,USB,0
Sandberg Bluetooth Touchpad Keyboard,47.90 €,σε 2 καταστήματα,3.0,1,Keyboard with Touchpad,Bluetooth,0
HAMA Uzzano 2.0 Smart-TV Keyboard,39.90 €,στο Allsmart,1.5,2,Keyboard Only,USB,0
Sandberg StreamBoard,33.39 €,στο Market24,0.0,,Keyboard with Touchpad,USB / Bluetooth,0
KB-WL-MICRO Wireless Keyboard,11.00 €,σε 3 καταστήματα,3.3,3,Keyboard with Touchpad,USB,0
iMove i1 Mini,25.01 €,στο Hellas Digital,0.0,,Keyboard Only,USB,0
Element KB-580WMS,21.75 €,στο AstronGameClub,0.0,,Keyboard & Mouse Set,USB,0
G-Cube Black & White Endless Note X-Key,17.30 €,στο PC1,0.0,,Keyboard Only,USB,0
G-Cube Lux Leopard,14.90 €,σε 26 καταστήματα,0.0,,Keyboard & Mouse Set,USB,0
Vakoss TK-525BK,32.00 €,σε 2 καταστήματα,0.0,,Keyboard with Touchpad,USB,0
Energenie Bamboo,28.50 €,στο PC1,0.0,,Keyboard & Mouse Set,USB,0
Approx KBTV02,38.95 €,σε 2 καταστήματα,3.0,2,Keyboard with Touchpad,USB,0
R-Go Tools Goldtouch Adjustable Keyboard V2,189.25 €,στο Visionstudio,0.0,,Keyboard Only,USB,0
Seenda IS11-BT05R,59.00 €,στο Electro Market,0.0,,Keyboard with Touchpad,USB,0
Powertech PT-191,12.99 €,σε 2 καταστήματα,2.5,2,Keyboard Only,USB,0
Keyboard / TouchPad (CVNP-A250W),15.98 €,στο JKazakos,0.0,,Keyboard with Touchpad,USB,0
uGo 4in1 Office Set,17.90 €,σε 2 καταστήματα,1.0,1,Keyboard & Mouse Set,USB,0
Microsoft Wireless Desktop 2000,39.50 €,σε 10 καταστήματα,3.6,16,Keyboard & Mouse Set,USB,0
HP USB Keyboard QY776AA,19.90 €,σε 2 καταστήματα,3.0,1,Keyboard Only,USB,0
Logitech Wireless Keyboard K350,59.99 €,σε 3 καταστήματα,4.2,6,Keyboard Only,USB,0
Approx KBWS04BG,27.90 €,στο Game-Show,0.0,,Keyboard & Mouse Set,USB,0
Gigabyte Force K3,35.00 €,στο Studio Mao,0.0,,0,USB,0
Bitmore KM201,8.56 €,σε 5 καταστήματα,2.5,6,Keyboard & Mouse Set,USB,0
Microsoft Universal Foldable Keyboard,77.94 €,στο Kotsovolos,2.0,1,Keyboard Only,Bluetooth,0
Measy RC8,24.00 €,στο Minya,0.0,,Keyboard with Touchpad,USB,0
Dell Keyboard for Venue 8 Pro,79.00 €,στο Bestdeals,0.0,,Keyboard Only,Bluetooth,0
Sandberg Wired USB Office Keyboard,9.39 €,σε 5 καταστήματα,1.0,1,Keyboard Only,USB,0
Havit HV-K528,16.00 €,στο Mega salapatas,0.0,,Keyboard & Mouse Set,USB,0
Konig CSK MCU 100,14.95 €,στο GC-TECH,0.0,,Keyboard & Mouse Set,USB,0
Modecom MC-5006,6.72 €,στο Gamefreak,0.0,,Keyboard Only,USB,0
Mobilis BK3001 Silver,13.45 €,σε 4 καταστήματα,1.0,2,Keyboard Only,Bluetooth,0
Esperanza TK108,5.89 €,σε 6 καταστήματα,1.0,2,Keyboard & Mouse Set,USB,0
Element KB-150UMS,8.40 €,στο CopyCom,3.0,1,Keyboard & Mouse Set,USB,0
Tracer Mecano,24.17 €,στο Techstores,1.0,1,Keyboard Only,USB,0
Havit K11,9.00 €,σε 2 καταστήματα,1.0,1,Keyboard Only,USB,0
78459925,16.90 €,στο Pswnia,1.0,1,Keyboard Only,Bluetooth,0
Approx APPKBVL,5.99 €,σε 2 καταστήματα,0.0,,Keyboard Only,USB,0
Genius KB-110X,11.00 €,στο Avgoustis,0.0,,Keyboard Only,USB,0
Gembird KB-BTF2-B,9.07 €,σε 10 καταστήματα,1.0,1,Keyboard Only,Bluetooth,0
Element KB-100U,7.90 €,στο 1store,0.0,,Keyboard Only,USB,0
Targus Numeric Keypad,15.00 €,σε 2 καταστήματα,0.0,,Keyboard Only,USB,0
HP Wireless Classic Desktop,36.00 €,στο E-shopland,3.0,3,Keyboard & Mouse Set,USB,0
Kensington ValueKeyboard,9.90 €,στο Bestdeals,0.0,,Keyboard Only,USB,0
Omega OK-06,6.99 €,στο Kotsovolos,0.0,,Keyboard Only,USB,0
Gigabyte K7100,14.50 €,στο Studio Mao,0.0,,Keyboard Only,USB,0
Gigabyte K6800,14.99 €,στο BeeGadget,0.0,,Keyboard Only,USB,0
Gembird KB-109F,9.90 €,σε 2 καταστήματα,1.0,1,Keyboard Only,USB,0
Element KB-600,25.00 €,στο Papandrikopoulos,1.0,3,Keyboard & Mouse Set,USB,0
Roline Numeric Keyboard USB Silver,10.78 €,σε 2 καταστήματα,0.0,,Keyboard Only,USB,2
Modecom MC-5003 Hot Wheels,3.90 €,στο Infoworld,0.0,,Keyboard Only,USB,2
