,Name,Price,Stores,Rating,Votes,Switches,Colors
0,Zeroground KB-2800G Satomi,53.99 ,59,4.6,27,Outemu Red,0
1,Razer Cynosa Lite Chroma,38.88 ,40,4.2,44,Membrane,0
2,Zeroground KB-2700G Sakimo,43.99 ,64,4.6,8,Outemu Blue,0
3,Zeroground KB-2400G Taigen v2.0,43.80 ,68,4.4,38,Custom Mechanical,0
4,Razer Blackwidow Chroma Elite (Razer Green),134.47 ,34,4.7,69,Razer Green,0
5,Zeroground KB-2600G Simeto,29.99 ,54,4.3,22,Custom Blue,0
6,Zeroground KB-2300G Sagara,24.90 ,72,4.2,22,Membrane,0
7,Razer Huntsman Tournament Edition,124.00 ,21,4.8,34,Razer Linear,0
8,Philips SPK8614,32.80 ,35,4.7,26,Custom Blue,0
9,Zeroground Arai KB-1700GUMS,25.90 ,50,4.3,35,Membrane,0
10,Zeroground KB-2500G Hanzo v2.0,21.99 ,53,4.3,9,Membrane,0
11,NOD Metal Stealth,22.80 ,42,4.5,39,Membrane,0
12,Motospeed CK108 (Outemu Blue),39.98 ,22,4.6,172,Outemu Blue,0
13,Corsair K70 RGB MK.2 (Cherry MX Red),129.00 ,22,4.9,15,Cherry MX Red,0
14,Razer Huntsman Elite (Razer Linear Optical),192.85 ,21,4.7,58,Razer Linear,0
15,Corsair K55 RGB,56.05 ,21,4.6,64,Membrane,0
16,Philips Momentum,15.50 ,47,4.0,13,Key Lights,0
17,Razer Blackwidow Chroma Elite (Razer Yellow),148.10 ,22,4.7,69,Razer Yellow,0
18,HyperX Alloy Origins TKL (HyperX Red),104.00 ,13,5.0,8,HyperX Red,0
19,Logitech G213 Prodigy,52.65 ,28,4.6,39,Membrane,0
20,Philips SPK8614-BRS,33.00 ,37,4.5,6,Custom Brown,0
21,Motospeed CK108 (Outemu Black),36.70 ,19,4.6,172,Outemu Black,0
22,Conceptum Black Dragon G901,64.90 ,4,4.9,41,Custom Blue,0
23,Sades Neo Blademail,22.01 ,27,4.7,61,Membrane,0
24,Razer Huntsman Elite (Razer Clicky Optical),184.54 ,14,4.7,58,Razer Clicky,0
25,Logitech G512 Carbon (GX Blue),99.90 ,13,4.9,11,GX Blue,0
26,Razer Ornata Chroma,84.90 ,8,4.5,224,Membrane,0
27,Zeroground KB-1900GUHMS Sumiko Bundle,35.99 ,42,4.0,7,Membrane,0
28,Sharkoon Skiller Mech SGK3 (Kailh Red),63.87 ,13,4.9,15,Kailh Red,0
29,Motospeed CK61 (Outemu Blue),41.69 ,5,4.4,28,Outemu Blue,0
30,Motospeed CK108 (Outemu Red),38.77 ,15,4.6,172,Outemu Red,0
31,HyperX Alloy FPS RGB,94.08 ,9,4.8,13,Kailh Speed Silver,0
32,Corsair K68 RGB,109.90 ,25,4.4,18,Cherry MX Red,0
33,NOD Iron Strike,39.90 ,32,4.7,3,Xinda Blue,0
34,Armaggeddon MKA-3C Psychfalcon,30.00 ,14,4.5,39,Outemu Blue,0
35,CoolerMaster MK110,43.29 ,6,5.0,5,Membrane,0
36,CoolerMaster MK730,123.00 ,7,5.0,6,Cherry MX Brown,0
37,Motospeed Inflictor CK104 Silver (Outemu Red),36.83 ,13,4.7,914,Outemu Red,2
38,Motospeed Inflictor CK104 RGB Silver (Outemu Blue),35.38 ,17,4.7,914,Outemu Blue,2
39,Logitech G413 Black,72.90 ,22,4.6,74,Romer-G Tactile,2
40,Motospeed Inflictor CK104 RGB Silver (Outemu Black),35.02 ,12,4.7,914,Outemu Black,2
41,Razer Huntsman Black,108.39 ,27,4.5,27,Razer Clicky,3
42,Motospeed Inflictor CK104 RGB Red (Outemu Red),31.71 ,13,4.7,914,Outemu Red,2
43,Motospeed Inflictor CK104 RGB Red (Outemu Blue),31.49 ,18,4.7,914,Outemu Blue,2
44,Motospeed CK103 White (Outemu Blue),43.81 ,9,4.8,45,Outemu Blue,2
45,Motospeed K82 Black (Outemu Blue),38.30 ,14,4.8,12,Outemu Blue,2
46,Logitech G413 Silver,68.99 ,28,4.6,74,Romer-G Tactile,2
47,Motospeed CK62 RGB White (Outemu Red),46.00 ,0,4.4,27,Outemu Red,2
48,Motospeed K70,9.54 ,18,4.5,112,Membrane,0
49,Logitech G512 SE RGB,99.90 ,7,4.6,11,GX Blue,0
50,Razer BlackWidow Chroma (Razer Green),103.50 ,19,4.6,46,Razer Green,0
51,Razer Blackwidow Lite,83.55 ,24,4.4,9,Razer Orange,0
52,Armaggeddon RGB Raptor MKA-11R,46.60 ,11,4.9,7,Outemu Blue,0
53,White Shark GC-4102,28.60 ,8,4.3,12,Membrane,0
54,Orzly RX250-K,12.90 ,0,4.9,7,Key Lights,0
55,Motospeed CK103 Black (Outemu Red),39.49 ,12,4.8,45,Outemu Red,0
56,A4Tech Bloody B120N,22.90 ,37,5.0,1,Membrane,0
57,A4Tech B500N,24.50 ,35,5.0,1,Membrane,0
58,CoolerMaster CK550 (Gateron Brown),77.64 ,8,4.5,23,Gateron Brown,0
59,Trust GXT 838 Azor,28.90 ,9,4.4,24,Membrane,0
60,SteelSeries Apex Pro TKL,209.90 ,0,5.0,5,SteelSeries OmniPoint,0
61,SteelSeries Apex Pro,230.00 ,7,4.7,10,SteelSeries OmniPoint,0
62,CoolerMaster CK350 (Outemu Brown),56.49 ,3,5.0,5,Outemu Brown,0
63,Motospeed K87S White (Kailh Blue),48.04 ,8,4.7,26,Kailh Blue,0
64,HyperX Alloy FPS Pro (Cherry MX Red),75.00 ,12,4.5,37,Cherry MX Red,0
65,Asus ROG Strix Flare,169.90 ,0,5.0,7,Key Lights,0
66,Armaggeddon MKA-2C Psychraven,25.70 ,13,5.0,2,Membrane,0
67,HyperX Alloy Core RGB,55.40 ,11,4.8,5,Membrane,0
68,Armaggeddon MKA-5R,35.00 ,5,4.8,5,Custom Blue,0
69,Spartan Gear Minotaur,19.98 ,10,4.5,13,Custom Mechanical,0
70,Dell Alienware Pro Gaming Keyboard AW768,107.16 ,10,4.8,6,Kailh Brown,0
71,SteelSeries Apex 5,132.90 ,12,5.0,2,SteelSeries Hybrid Mechanical,0
72,Motospeed CK888 (Outemu Red),47.99 ,4,4.4,82,Outemu Red,0
73,ADX Firepower A01,24.90 ,0,5.0,4,Membrane,0
74,Orzly Hornet RX250 Essential Pack,36.90 ,0,4.8,5,Membrane,0
75,Motospeed K27 (Outemu Red),20.64 ,6,4.7,7,Outemu Red,0
76,Motospeed K87S White (Kailh Red),47.75 ,7,4.7,26,Kailh Red,0
77,Trust GXT 865 Asta,49.69 ,13,5.0,3,GTX Red,0
78,Spirit of Gamer Pro K5,19.20 ,14,4.7,7,Membrane,0
79,NOD Silver Sky,22.90 ,6,4.6,16,Membrane,0
80,Logitech G513 Carbon (GX Blue),179.90 ,4,4.5,24,GX Blue,0
81,Razer Cynosa Chroma,79.00 ,5,4.4,65,Membrane,0
82,Natec Tornado,34.68 ,2,5.0,4,Custom Blue,0
83,Motospeed CK104 Orion Special Edition RGB Silver (Outemu Red),37.30 ,6,5.0,3,Outemu Red,0
84,Philips SPK8403,56.00 ,0,4.7,11,Custom Blue,0
85,Sharkoon Skiller Mech SGK3 (Kailh Brown),64.37 ,11,4.9,15,Kailh Brown,0
86,Spartan Gear Cyclops,34.98 ,11,4.4,13,Outemu Blue,0
87,Logitech G Pro,127.58 ,18,4.2,25,GX Blue,0
88,Corsair K63 Wireless,169.00 ,2,5.0,4,Cherry MX Red,0
89,HyperX Alloy Elite RGB (Cherry MX Red),127.90 ,4,4.8,6,Cherry MX Red,0
90,Dell Alienware Mechanical AW310K Dark side of the moon,79.00 ,19,5.0,1,Cherry MX Red,0
91,A4Tech Bloody B930 (LK Libra Brown),59.99 ,3,5.0,4,LK Libra Brown,0
92,Redragon S101-BA,99.90 ,0,5.0,5,Membrane,0
93,Motospeed CK103 Black (Outemu Blue),41.70 ,9,4.8,45,Outemu Blue,2
94,Motospeed CK62 RGB Black (Outemu Red),50.37 ,8,4.4,27,Outemu Red,2
95,Trust GXT 830-RW Avonn,18.00 ,16,4.7,6,Membrane,2
96,Logitech G613,99.98 ,16,4.4,8,Romer-G Tactile,0
97,Patriot Viper V760,96.60 ,6,5.0,6,Kailh Brown,0
98,Motospeed CK888 Silver (Outemu Blue),46.70 ,9,4.4,82,Outemu Blue,0
99,FanTech K613L,24.80 ,0,5.0,3,Membrane,0
100,Xtrike Me GK-980,24.80 ,2,5.0,2,Key Lights,0
101,Corsair K65 Lux RGB,187.00 ,0,5.0,7,Cherry MX Red,0
102,Motospeed K95 (Outemu Blue),29.79 ,11,4.1,7,Outemu Blue,0
103,CoolerMaster CK530 (Gateron Red),79.79 ,4,5.0,3,Gateron Red,0
104,Dell Alienware AW510K Dark Side of the Moon,129.90 ,16,5.0,1,Cherry MX Red Low Profile,0
105,Corsair K65 RGB Rapidfire,145.00 ,3,5.0,5,Cherry MX Speed,0
106,Fury Thunderstreak 4W1,24.00 ,9,4.2,51,Key Lights,0
107,Spirit of Gamer Xpert G700,69.50 ,3,5.0,2,Custom Blue,0
108,Redragon Visnu RGB,48.50 ,2,5.0,4,Custom Blue,0
109,Motospeed CK103 Side Laser (Outemu Blue),54.85 ,6,5.0,2,Outemu Blue,0
110,Motospeed CK98,69.08 ,9,5.0,3,Kailh Box White,0
111,Motospeed GK82 Pink (Outemu Red),45.00 ,5,5.0,4,Outemu Red,0
112,Corsair K95 RGB Platinum Black (Cherry MX Brown),229.00 ,2,4.6,18,Cherry MX Brown,0
113,Razer Tartarus Pro Black,128.50 ,19,4.5,4,Razer Analog Optical,0
114,Corsair K70 RGB MK.2 (Cherry MX Brown),176.50 ,3,4.9,15,Cherry MX Brown,0
115,CoolerMaster Devastator III RGB,33.99 ,7,4.2,50,Membrane,0
116,Roccat Vulcan 120 Aimo,219.00 ,0,5.0,3,Titan Tactile,0
117,Spartan Gear Centaur,15.88 ,9,4.4,8,Membrane,0
118,Motospeed GK82 (Outemu Brown),47.00 ,2,5.0,4,Outemu Brown,0
119,Razer BlackWidow Ultimate Water Resistant,119.00 ,0,4.6,11,Key Lights,0
120,Logitech G513 Carbon (Romer-G Tactile),139.00 ,8,4.5,24,Romer-G Tactile,0
121,Motospeed CK61 (Outemu Red),41.69 ,9,4.4,28,Outemu Red,0
122,Sades K13 Sickle (Kailh Red),54.73 ,38,4.0,1,Kailh Red,0
123,Cougar Vantar,55.00 ,0,4.8,5,Membrane,0
124,Patriot Viper 770,108.50 ,9,4.5,10,Kailh Red,0
125,HyperX Alloy FPS (Cherry MX Blue),89.90 ,0,4.6,25,Cherry MX Blue,0
126,Corsair K70 RGB MK.2 Low Profile RAPIDFIRE (Cherry MX Speed),134.00 ,22,4.0,1,Cherry MX Speed,0
127,Redragon Kala RGB LED,48.10 ,3,4.8,6,Custom Blue,0
128,Corsair K70 Lux (Cherry MX Brown),170.00 ,0,4.6,28,Cherry MX Brown,0
129,CoolerMaster MS110,48.91 ,5,3.9,17,Membrane,0
130,HyperX Alloy FPS (Cherry MX Red),100.61 ,0,4.6,25,Cherry MX Red,0
131,Genesis Thor 300 TKL (Outemu Blue),39.90 ,2,5.0,2,Outemu Blue,0
132,Motospeed CK87s White (Outemu Red),53.00 ,0,5.0,2,Outemu Red,0
133,Trust GXT 860,39.49 ,13,4.7,3,Membrane,0
134,Zeroground KB-1600GUMS,18.90 ,34,3.4,24,Membrane,0
135,HyperX Alloy Origins,115.99 ,10,5.0,8,HyperX Aqua,0
136,Genesis Rhod 400 RGB,22.40 ,3,4.6,9,Membrane,0
137,CoolerMaster SK621,218.36 ,0,5.0,2,Cherry MX Red Low Profile,0
138,Razer Huntsman Mini (Razer Clicky),119.90 ,4,5.0,1,Razer Clicky,0
139,Motospeed CK62 RGB Black (Outemu Blue),44.38 ,15,4.4,27,Outemu Blue,2
140,Motospeed CK80 Silver (Silver Switches),55.00 ,10,5.0,2,Custom Silver,2
141,Motospeed CK62 RGB White (Outemu Blue),40.00 ,6,4.4,27,Outemu Blue,2
142,Razer Huntsman Quartz Pink,163.90 ,13,4.5,27,Razer Clicky,3
143,Armaggeddon MKO 13R Enterprise Black,63.00 ,12,5.0,1,Custom Mechanical,2
144,Spirit of Gamer Elite K10,22.60 ,11,5.0,2,Membrane,0
145,Razer BlackWidow Ultimate 2016,179.90 ,0,4.5,81,Razer Green,0
146,Cougar Deathfire EX,50.00 ,2,4.8,5,Membrane,0
147,Corsair K63,99.99 ,2,5.0,3,Cherry MX Red,0
148,White Shark Samurai,24.20 ,15,4.3,6,Membrane,0
149,Trust GXT 1180RW,36.99 ,15,3.9,11,Membrane,0
150,Sades Frost Staff,65.10 ,35,0.0,0,LK Blue,0
151,HP Omen 1100,69.90 ,17,5.0,1,Custom Mechanical,0
152,A4Tech Bloody B2500,45.40 ,36,3.0,1,Membrane,0
153,Trust GXT 856 Torac,23.80 ,8,4.5,2,Membrane,0
154,HyperX Alloy FPS Pro (Cherry MX Blue),78.10 ,7,4.5,37,Cherry MX Blue,0
155,iMice AK-400 Black,18.41 ,8,5.0,1,No Info,0
156,Motospeed CK99 RGB (Cherry MX Red),75.34 ,9,5.0,1,Cherry MX Red,0
157,Sharkoon Skiller SGK4,36.90 ,3,5.0,2,Membrane,0
158,Canyon Argama Gaming Set,72.80 ,7,5.0,1,Keyboard and Mouse Set,0
159,Powertech Roar PT-184,19.00 ,15,5.0,2,Membrane,0
160,Roccat Isku+ Force FX,65.41 ,6,5.0,2,Membrane,0
161,Motospeed K70L,14.00 ,5,5.0,1,Key Lights,0
162,Corsair K70 Lux RGB (Cherry MX Red),161.49 ,0,4.4,48,Cherry MX Red,0
163,Logitech G915 Lightspeed (GL Clicky),229.90 ,7,5.0,5,GL Clicky,0
164,Patriot Viper 730,54.50 ,5,4.4,16,Kailh Brown,0
165,A4Tech Bloody B975 (LK Libra Orange),60.06 ,9,5.0,1,LK Libra Orange,0
166,Genesis Thor 300 TKL (Outemu Red),55.00 ,0,4.4,17,Outemu Red,0
167,Motospeed CK104 Orion Special Edition RGB Silver (Outemu Blue),37.30 ,5,5.0,3,Outemu Blue,0
168,Asus ROG Claymore Core with Numpad,189.90 ,4,4.5,10,Cherry MX Brown,0
169,Spartan Gear Lochos (Xinda Blue),27.80 ,3,5.0,1,Xinda Blue,0
170,Xtrike Me GK-979 (Custom Blue),23.29 ,3,4.5,2,Custom Blue,0
171,Armaggeddon MKA-17 ProGaming,79.40 ,12,4.0,3,Custom Blue,0
172,Lamtech LAM021325,11.00 ,9,3.8,5,Key Lights,0
173,Armaggeddon AK-999 SFX,18.90 ,12,4.5,2,Membrane,0
174,Logitech G815 Lightsync RGB (GL Clicky),179.90 ,6,5.0,1,GL Clicky,0
175,Savio Tempest RX Green (Outemu Brown),28.38 ,2,5.0,1,Outemu Brown,0
176,Asus Sagaris GK1100,96.60 ,4,5.0,2,Custom Mechanical,0
177,Redragon K556 RGB,54.01 ,0,5.0,2,Custom Brown,0
178,Genesis Thor 200 RGB,33.21 ,9,4.0,7,Custom Mechanical,0
179,Razer Ornata V2,99.40 ,18,0.0,0,Key Lights,0
180,Nedis Single-Handed,31.55 ,23,0.0,0,Membrane,0
181,Motospeed K83 (Outemu Blue),33.52 ,11,3.7,29,Outemu Blue,0
182,Razer Tartarus v2,70.36 ,24,3.6,5,Membrane,0
183,Sades SA-D10,38.53 ,22,0.0,0,Key Lights,0
184,Motospeed K27 (Outemu Blue),20.64 ,3,4.7,7,Outemu Blue,0
185,Redragon Anala K558,55.00 ,0,5.0,2,Outemu Blue,0
186,CMK-188 Rainbow,14.33 ,4,3.9,10,Membrane,0
187,Sharkoon Skiller SGK5,38.56 ,3,5.0,1,Membrane,0
188,FanTech Pantheon MK871 Tournament Edition,64.00 ,2,5.0,2,Kailh Blue,0
189,Motospeed K24,19.00 ,0,5.0,1,Outemu Blue,0
190,Motospeed Inflictor CK104 RGB Silver (Outemu Brown),35.22 ,11,4.7,914,Outemu Brown,2
191,Motospeed CK89 Black (Kaili Box White),61.52 ,7,5.0,2,Kailh Box White,2
192,Marvo KG959G,44.64 ,5,5.0,1,Outemu Blue,0
193,Creative Sound Blaster X Vanguard K08,99.00 ,0,4.3,18,Press,0
194,Sharkoon PureWriter TKL RGB,77.98 ,3,5.0,1,Kailh Blue,0
195,Hori Tactical Assault Commander Pro M2,126.81 ,5,5.0,1,Custom Mechanical,0
196,Marvo CM303,47.90 ,2,5.0,1,Membrane,0
197,CoolerMaster SK650,144.89 ,4,5.0,1,Cherry MX Red Low Profile,0
198,Asus TUF Gaming Combo,132.59 ,0,5.0,1,Membrane,0
199,Esperanza Illuminated EK133,9.64 ,5,5.0,1,Membrane,0
200,Esperanza Illuminated Hunter,13.60 ,9,4.5,2,Membrane,0
201,Cougar Aurora,38.00 ,1,5.0,1,Membrane,0
202,A4Tech Bloody B930 (LK Libra Orange),55.17 ,2,5.0,4,LK Libra Orange,0
203,Weibo WB-570,15.60 ,2,4.5,2,Key Lights,0
204,Roccat Vulcan 121 Aimo,187.90 ,4,5.0,1,Custom Mechanical,0
205,Logitech G915 Lightspeed (GL Linear),260.00 ,2,5.0,5,GL Linear,0
206,Corsair K57 RGB,169.90 ,0,5.0,1,Membrane,0
207,Zeroground KB-2200G Shoyen,20.90 ,5,4.5,4,Membrane,0
208,Gamesir GK100,44.90 ,0,4.4,5,Custom Blue,0
209,HAMA uRAGE Illumination 2in1,17.65 ,0,5.0,1,Membrane,0
210,Zeroground KB-2100G Soki,15.90 ,7,4.0,26,Membrane,0
211,Tracer Commando,18.50 ,5,4.7,3,Membrane,0
212,LogiLink Illuminated one-hand gaming keyboard,19.00 ,1,5.0,1,Key Lights,0
213,ADX Firefight ADXOK0119,44.90 ,0,5.0,1,Custom Mechanical,0
214,Sharkoon Skiller Mech SGK3 (Kailh Blue),63.00 ,1,5.0,1,Kailh Blue,0
215,ADX ADXA0419,39.90 ,0,5.0,1,Membrane,0
216,Motospeed CK61 (Kailh Short),59.90 ,0,4.4,28,Kailh Short,0
217,Tracer Battle Heroes Shinook USB,14.85 ,2,4.8,4,Membrane,0
218,Razer Blackwidow Lite Stormtrooper Edition,94.68 ,2,5.0,1,Razer Orange,0
219,Redragon K505 RGB LED Backlit,28.00 ,3,5.0,1,Full Size,0
220,Gamdias Hermes P2,77.90 ,2,5.0,1,Gamdias,0
221,CoolerMaster CK550 (Gateron Blue),90.37 ,0,4.5,23,Gateron Blue,0
222,Zeroground KB-1800GUHMS,28.99 ,9,3.7,16,Membrane,0
223,Azio Mk Retro,159.00 ,0,5.0,2,Custom Blue,0
224,Razer Blackwidow Ultimate 2017,114.00 ,0,4.5,2,Key Lights,0
225,Redragon Visnu R,38.00 ,0,4.5,2,Custom Mechanical,0
226,Roccat Vulcan 100 Aimo,179.00 ,2,5.0,1,Titan Tactile,0
227,Rebeltec Patrol,10.90 ,5,4.5,2,Membrane,0
228,Omega OK-26 M-Dia,5.95 ,4,4.3,3,Membrane,0
229,A4Tech Bloody B820R,58.90 ,4,5.0,1,LK Blue,0
230,Gembird KB-UML-01,15.10 ,5,4.0,6,Membrane,0
231,Roccat Suora FX,149.00 ,0,5.0,2,Custom Mechanical,0
232,A4Tech Bloody B314,30.52 ,2,4.7,3,Custom Mechanical,0
233,Gamesir VX AimSwitch,119.90 ,0,5.0,1,Custom Blue,0
234,Redragon Aryaman K569,68.00 ,0,5.0,1,Outemu Blue,0
235,A4Tech Bloody B975 (LK Libra Brown),77.90 ,20,5.0,1,LK Libra Brown,0
236,Logitech G910 Orion Spectrum,125.00 ,4,4.1,24,Romer-G Tactile,0
237,Motospeed K82 Pink (Outemu Red),44.00 ,5,4.8,12,Outemu Red,2
238,Gembird KB-UML3-01,8.72 ,10,3.8,6,Membrane,2
239,Motospeed CK101 White (Outemu Blue),39.60 ,7,4.0,22,Outemu Blue,2
240,MSI GK-701,119.00 ,2,5.0,2,Cherry MX Brown,0
241,Trust GXT 890,67.00 ,3,4.0,21,Outemu Red,0
242,SteelSeries Apex 3,78.90 ,15,0.0,0,Membrane,0
243,Dell Alienware AW510K Lunar Light,134.37 ,14,0.0,0,Cherry MX Red Low Profile,0
244,Redragon K576-R,46.90 ,0,4.3,3,Custom Blue,0
245,A4Tech Bloody B860,59.90 ,5,5.0,1,LK Blue,0
246,Hori Tactical Assault Commander New Tac 4,99.64 ,10,4.5,2,Custom Mechanical,0
247,A4Tech Bloody B2278,29.90 ,2,4.2,5,Custom Mechanical,0
248,Motospeed CK95,45.50 ,0,4.2,5,Outemu Blue,0
249,Weibo WB-539,17.99 ,5,5.0,1,Membrane,0
250,CoolerMaster MasterKeys MK750,129.00 ,4,5.0,1,Cherry MX Brown,0
251,HP Pavilion Gaming Keyboard 500,43.67 ,17,3.0,3,Custom Red,0
252,Trust GXT 850 Metal,39.90 ,0,4.7,3,Key Lights,0
253,Redragon Yaksa,42.00 ,0,4.7,3,Key Lights,0
254,Cougar Puri TKL (Cherry MX White),80.90 ,1,5.0,1,Cherry MX White,0
255,Sharkoon PureWriter RGB (Kailh Red),79.12 ,4,4.5,2,Kailh Red,0
256,Sound Friend SF-K003,8.90 ,0,5.0,2,Membrane,0
257,Armaggeddon Psych Raven,37.80 ,14,3.0,1,Custom Blue,0
258,SteelSeries Apex 150,69.00 ,3,4.1,7,Membrane,0
259,SteelSeries Apex 7 TKL (Steelseries Red),149.90 ,10,4.0,1,SteelSeries Red,0
260,A4Tech B3370R,34.49 ,0,4.0,1,Custom Mechanical,0
261,SilentiumPC GK530 Tournament (Kailh Blue),51.00 ,0,0.0,0,Kailh Blue,0
262,Redragon Yama,86.00 ,0,5.0,7,Custom Brown,0
263,Razer Cynosa Lite & Abyssus Lite Bundle,75.00 ,0,4.0,3,Key Lights,0
264,Zeroground KB-1500GUMS,35.00 ,0,4.1,70,Key Lights,0
265,Havit KB435L,49.00 ,4,4.0,2,Custom Mechanical,0
266,Motospeed CK666,42.19 ,10,3.8,18,Outemu Blue,0
267,Spirit of Gamer Pro Gaming Pack 3 in 1,30.70 ,15,0.0,0,Membrane,0
268,Sandberg Hailstorm Mech Keyboard Uk,81.58 ,5,5.0,1,Outemu Blue,0
269,Spirit of Gamer CLA-XK500,44.50 ,14,0.0,0,Custom Mechanical,0
270,Motospeed K83 (Outemu Red),32.68 ,11,3.7,29,Outemu Red,0
271,Q-801,17.77 ,14,3.5,2,Membrane,0
272,CoolerMaster Suppressor,39.80 ,1,4.3,24,Membrane,0
273,Fury Spitfire RGB,13.29 ,6,4.5,2,Membrane,0
274,Corsair K83 Wireless Entertainment,102.90 ,13,0.0,0,Membrane,0
275,Armaggeddon AK-666SFX,17.50 ,10,4.0,2,Membrane,0
276,Genesis RHOD 110,8.99 ,3,5.0,1,Membrane,0
277,Motospeed GK89 Black (Outemu Black),45.00 ,6,4.0,1,Outemu Black,0
278,Natec Hellfire 2,8.46 ,10,0.0,0,Membrane,0
279,Marvo KG929,19.90 ,2,5.0,1,Membrane,0
280,Rebeltec Maximus,15.40 ,8,4.3,4,Membrane,0
281,A4Tech B120,33.90 ,1,5.0,2,Membrane,0
282,Armaggeddon AK-566i,35.00 ,0,4.4,5,Membrane,0
283,Motospeed K96 Camo (Outemu Blue),49.02 ,13,4.4,24,Outemu Blue,2
284,Motospeed K82 Pink (Outemu Blue),43.66 ,12,4.8,12,Outemu Blue,2
285,Motospeed Inflictor CK104 RGB Red (Outemu Black),33.10 ,9,4.7,914,Outemu Black,2
286,Motospeed CK101 White (Outemu Red),40.00 ,6,4.0,22,Outemu Red,2
287,Motospeed CK101 Black (Outemu Blue),39.00 ,8,4.0,22,Outemu Blue,2
288,Rebeltec Interceptor,19.50 ,7,4.0,2,Membrane,0
289,White Shark Viking 2,14.11 ,11,0.0,0,Membrane,0
290,Lamtech LAM021226,11.04 ,8,0.0,0,Key Lights,0
291,SteelSeries Apex 100,49.90 ,0,4.4,5,Membrane,0
292,Defender Xenda Combo MKP-008,25.15 ,9,0.0,0,Membrane,0
293,Genius K5,14.00 ,13,4.2,5,Membrane,0
294,Razer DeathStalker Essential (US),44.90 ,4,4.5,11,Membrane,0
295,Genesis RHOD 420 RGB,22.46 ,3,3.8,5,Membrane,0
296,Marvo CM370,29.50 ,4,3.8,4,Membrane,0
297,Element KB-1000G,15.90 ,10,3.9,48,Membrane,0
298,Rebeltec Fighter,27.78 ,7,5.0,1,Key Lights,0
299,Logic LK-21,4.66 ,2,4.7,3,Full Size,0
300,Trust GXT 845 Tural,40.00 ,0,4.3,3,Key Lights,0
301,Redragon Vara RGB,55.00 ,0,5.0,1,Custom Blue,0
302,Trust Rgb Wired Keyboard Black,22.80 ,8,0.0,0,Key Lights,0
303,CoolerMaster MasterKeys Pro L RGB (Cherry MX Red),175.00 ,1,4.4,5,Cherry MX Red,0
304,Omega Varr RGB,12.00 ,7,3.0,1,Membrane,0
305,HP Pavilion Gaming Keyboard 800,66.35 ,10,0.0,0,Custom Mechanical,0
306,Razer Cynosa V2,68.50 ,6,0.0,0,Key Lights,0
307,iMice AK-700,18.99 ,13,0.0,0,Membrane,0
308,SteelSeries Apex 7,159.98 ,11,3.0,2,SteelSeries Red,0
309,iMice AN-300-X7,18.96 ,3,4.0,1,Key Lights,0
310,Spirit of Gamer Single Hand,39.90 ,11,0.0,0,Custom Mechanical,0
311,iMice AK-200,17.60 ,8,0.0,0,Key Lights,0
312,Fury Typhoon,4.56 ,0,5.0,1,Key Lights,0
313,Motospeed K96 CamoGreen (Outemu Black),39.52 ,7,4.4,24,Outemu Black,0
314,Zeroground Taigen KB-2000G,71.99 ,2,4.2,10,Custom Mechanical,0
315,Defender Killing Storm Combo MKP-013L,34.75 ,7,0.0,0,Membrane,0
316,Motospeed K96 Black (Red Switches),42.82 ,8,4.4,24,Custom Red,0
317,Havit HV-KB675CM,49.00 ,5,3.5,2,Key Lights,0
318,Motospeed K22 (Outemu Blue),16.69 ,8,0.0,0,Outemu Blue,0
319,HyperX Alloy Origins Core Mechanical Gaming Keyboard (HyperX Aqua),109.99 ,0,4.0,1,HyperX Aqua,0
320,HyperX Alloy Origins (HyperX Red),109.00 ,6,5.0,8,HyperX Red,0
321,Defender GK-170L,34.99 ,8,0.0,0,Custom Mechanical,0
322,Canyon Nightflyer Gaming Set,65.00 ,6,0.0,0,Key Lights,0
323,Defender GK-150DL,26.27 ,8,0.0,0,Membrane,0
324,Armaggeddon AK-300X,9.71 ,12,0.0,0,Membrane,0
325,Canyon Leonof Gaming Set Black/Orange,39.99 ,6,0.0,0,Key Lights,0
326,Canyon Fobos Black-Orange,21.90 ,7,0.0,0,Key Lights,0
327,SpeedLink Ultor Illuminated,92.70 ,3,5.0,1,Kailh Red,0
328,HP Encoder (Cherry MX Red),123.00 ,8,0.0,0,Cherry MX Red,0
329,Havit HV-KB500L,15.20 ,4,0.0,0,Membrane,0
330,Asus Cerberus MK II,39.99 ,0,5.0,1,Key Lights,0
331,Armaggeddon MKO 13R Enterprise White,69.24 ,8,5.0,1,Custom Mechanical,2
332,Motospeed K82 Black (Outemu Red),37.97 ,7,4.8,12,Outemu Red,2
333,Motospeed CK101 Black (Outemu Red),39.00 ,7,4.0,22,Outemu Red,2
334,Motospeed Inflictor CK104 RGB Red (Outemu Brown),35.89 ,7,4.7,914,Outemu Brown,2
335,Esperanza Shadow Red,7.23 ,7,0.0,0,Membrane,2
336,Ducky One 2 RGB TKL (Cherry MX Red),169.90 ,2,0.0,0,Cherry MX Red,0
337,CoolerMaster MasterSet MS120 RGB,66.75 ,0,4.0,7,Key Lights,0
338,Logitech G815 Lightsync RGB (GL Tactile),179.90 ,7,5.0,1,GL Tactile,0
339,Esperanza NINJA,9.30 ,3,4.0,1,Full Size,0
340,Motospeed K96 CamoOrange (Outemu Brown),42.18 ,6,4.4,24,Outemu Brown,0
341,iMice MK-X80 (Custom Blue),54.43 ,6,0.0,0,Custom Blue,0
342,Baseus Gamo,34.90 ,6,0.0,0,Custom Mechanical,0
343,Canyon Nightfall Black-Gray,51.99 ,5,0.0,0,Key Lights,0
344,Canyon Hazard,39.99 ,5,0.0,0,Key Lights,0
345,Corsair Strafe RGB MK.2 Mechanical,159.00 ,3,4.0,2,Cherry MX Silent Red,0
346,HP Encoder (Cherry MX Brown),123.00 ,7,0.0,0,Cherry MX Brown,0
347,Havit HV-KB492L,45.00 ,6,0.0,0,Custom Mechanical,0
348,Havit HV-KB488L,19.90 ,3,0.0,0,Membrane,0
349,Motospeed Îš23,19.90 ,2,4.0,3,Kailh Box White,0
350,Motospeed CK888 (Outemu Green),46.70 ,5,4.4,82,Outemu Green,0
351,Havit HV-KB432L,55.00 ,6,0.0,0,Outemu Blue,0
352,Redragon Vata K580,61.00 ,0,4.0,2,Outemu Blue,0
353,Xtrike Me KB-505,10.90 ,7,0.0,0,Membrane,0
354,Natec Fury Typhoon,7.80 ,4,0.0,0,Membrane,0
355,SteelSeries Apex M750,109.99 ,6,3.7,9,SteelSeries QX2,0
356,Motospeed CK104 Orion Special Edition Red (Outemu Red),37.00 ,5,4.9,13,Outemu Red,0
357,Motospeed CK99 RGB (Outemu Blue),57.89 ,7,5.0,1,Outemu Blue,0
358,Spirit of Gamer Antighosting 4,18.54 ,8,0.0,0,Membrane,0
359,White Shark Cherokee,21.50 ,2,4.0,1,Membrane,0
360,Zalman ZM-K900M,93.90 ,1,5.0,1,Kailh Blue,0
361,Motospeed CK88 (Outemu Black),58.30 ,6,4.0,1,Outemu Black,0
362,Sharkoon PureWriter RGB (Kailh Blue),76.10 ,6,4.5,2,Kailh Blue,0
363,Rebeltec Oppressor,11.16 ,2,3.7,3,Membrane,0
364,CoolerMaster MasterKeys MK850,189.91 ,3,3.7,3,Cherry MX Red,0
365,Motospeed CK99 RGB (LK Libra Orange),55.33 ,5,5.0,1,LK Libra Orange,0
366,Ducky One 2 RGB TKL (Cherry MX Brown),169.00 ,2,0.0,0,Cherry MX Brown,0
367,Motospeed CK103 Side Laser (Outemu Red),52.04 ,6,5.0,2,Outemu Red,0
368,Xtrike Me CM-404,29.90 ,5,0.0,0,Membrane,0
369,Corsair K70 Lux (Cherry MX Red),175.00 ,0,4.6,28,Cherry MX Red,0
370,Esperanza Tirions Green,5.95 ,8,0.0,0,Membrane,0
371,Motospeed GK82 Pink (Outemu Blue),45.00 ,5,5.0,4,Outemu Blue,0
372,Weibo FC-536,8.00 ,3,0.0,0,Full Size,0
373,iMice AK-800,16.24 ,4,0.0,0,Key Lights,0
374,Motospeed GK82 (Outemu Black),46.24 ,4,5.0,4,Outemu Black,0
375,Havit KB462L,65.00 ,5,0.0,0,Custom Mechanical,0
376,Corsair 3-in-1 Gaming Bundle,97.50 ,3,3.0,2,Membrane,0
377,Ducky One 2 RGB (Cherry MX Brown),159.90 ,2,0.0,0,Cherry MX Brown,0
378,Redragon Asura Black,25.90 ,5,4.3,4,Membrane,2
379,Roccat Isku FX White,65.69 ,5,4.3,3,Membrane,2
380,Motospeed CK80 Black (Custom Gold),57.02 ,3,5.0,2,Custom Gold,2
381,Motospeed K96 CamoOrange (Outemu Red),42.18 ,5,4.4,24,Outemu Red,2
382,Trust GXT 830-RW Avonn Camo,20.90 ,6,4.7,6,Membrane,2
383,Xtrike Me KB-705 Black,16.80 ,3,0.0,0,Membrane,2
384,Havit HV-KB486L,25.00 ,4,0.0,0,Membrane,0
385,Ducky One 2 RGB TKL (Cherry MX Blue),169.90 ,0,0.0,0,Cherry MX Blue,0
386,Ducky One 2 RGB TKL (Cherry MX Silver),169.90 ,0,0.0,0,Cherry MX Silver,0
387,Ducky One 2 SF (Cherry MX Blue),149.90 ,0,0.0,0,Cherry MX Blue,0
388,Ducky One 2 SF (Cherry MX Silent Red),149.90 ,0,0.0,0,Cherry MX Silent Red,0
389,Ducky One 2 Mini RGB (Cherry MX Silent Red),144.90 ,0,0.0,0,Cherry MX Silent Red,0
390,Savio Tempest RX Blue (Outemu Blue),28.38 ,2,0.0,0,Outemu Blue,0
391,White Shark Gladiator 2,19.99 ,0,0.0,0,Membrane,0
392,White Shark Legionnaire (Outemu Blue),47.99 ,0,0.0,0,Outemu Blue,0
393,Marvo KG922,29.90 ,0,4.0,4,Custom Mechanical,0
394,iMice AK-600,14.85 ,8,0.0,0,Membrane,0
395,HyperX HyperX Alloy Elite 2 (HyperX Red),159.99 ,0,0.0,0,HyperX Red,0
396,Remax XII-J590,48.90 ,7,0.0,0,Membrane,0
397,Remax XII-J588,44.40 ,7,0.0,0,Custom Mechanical,0
398,Remax XII-J599,53.20 ,7,0.0,0,Custom Mechanical,0
399,MSI Vigor GK50 Low Profile (Kailh Box White),92.00 ,2,0.0,0,Kailh Box White,0
400,Logic LC-STARR-TWO,12.65 ,2,0.0,0,Key Lights,0
401,Cougar 700K,179.00 ,0,5.0,1,Cherry MX Red,0
402,Spartan Gear Chimera,17.98 ,11,3.2,5,Membrane,0
403,Logitech G915 TKL (GL Tactile),229.00 ,0,0.0,0,GL Tactile,0
404,Andowl Q-803,23.99 ,6,0.0,0,Membrane,0
405,Modecom MC-5008,14.44 ,2,0.0,0,Key Lights,0
406,Trust GXT 870,59.98 ,2,4.0,5,GTX White,0
407,Weibo WB-580,16.69 ,4,0.0,0,Key Lights,0
408,CoolerMaster CK530 (Gateron Brown),85.54 ,3,5.0,3,Gateron Brown,0
409,Xtrike Me GK-907,45.00 ,5,0.0,0,Membrane,0
410,Marvo KG909,37.30 ,4,0.0,0,Outemu Blue,0
411,CoolerMaster Devastator 3 Plus,49.90 ,0,0.0,0,Key Lights,0
412,FanTech Fighter K611,18.00 ,7,3.6,7,Membrane,0
413,iMice KM-680,17.60 ,0,0.0,0,Key Lights,0
414,Genesis Thor 420 RGB (Custom Blue),52.23 ,1,0.0,0,Custom Blue,0
415,Esperanza Aspis,4.66 ,1,0.0,0,Membrane,0
416,Logitech G513 Carbon (Romer-G Linear),139.00 ,0,4.5,24,Romer-G Linear,0
417,Omega Varr VMK3BK11,39.85 ,7,0.0,0,Jixian Blue,0
418,Cougar Vantar MX (Custom Red),46.27 ,1,0.0,0,Custom Red,0
419,Docooler HXSJ V100,45.90 ,0,0.0,0,Membrane,0
420,Motospeed GK81 (Custom Blue),62.90 ,0,0.0,0,Custom Blue,0
421,Motospeed K96 Grey (Zeus Optical),38.99 ,3,4.4,24,Zeus Optical,0
422,Lenovo Legion K500 RGB,115.90 ,4,0.0,0,Outemu Red,0
423,Havit KB-78162,12.90 ,14,4.0,1,Membrane,0
424,Havit G400V,14.89 ,6,4.5,2,Membrane,0
425,Esperanza Shadow Green,7.23 ,5,0.0,0,Membrane,2
426,Motospeed CK80 Silver (Custom Gold),49.00 ,6,5.0,2,Custom Gold,2
427,Redragon Asura White,26.00 ,3,4.3,4,Membrane,2
428,Sbox K-15 Red,8.49 ,3,0.0,0,Membrane,2
429,Corsair K95 RGB Platinum Black (Cherry MX Speed),198.00 ,4,4.6,18,Cherry MX Speed,2
430,Gembird KB-UML3-01-W,9.15 ,7,3.8,6,Membrane,2
431,Motospeed CK80 (Custom Silver),58.90 ,0,5.0,2,Custom Silver,2
432,Sades K13 Sickle (Kailh Blue),39.90 ,4,4.0,1,Kailh Blue,0
433,Logitech G915 TKL (GL Linear),229.00 ,0,0.0,0,GL Linear,0
434,Logitech G915 TKL (GL Clicky),229.00 ,0,0.0,0,GL Clicky,0
435,Turbo-X Nemesis N60 (Custom Blue),49.90 ,0,0.0,0,Custom Blue,0
436,Glorious PC Gaming Race The GMMK TKL (Gateron Brown),129.99 ,0,0.0,0,Gateron Brown,0
437,Gamesir VX2 AimSwitch (Custom Red),149.90 ,0,0.0,0,Custom Red,0
438,Motospeed GK89 (Outemu Blue),53.61 ,3,4.0,1,Outemu Blue,0
439,Active Jet K-6002,26.23 ,0,0.0,0,Key Lights,0
440,Turbo-X Sirin II,29.90 ,0,0.0,0,Key Lights,0
441,Aula F2058 (Black Switch),40.00 ,0,0.0,0,Custom Mechanical,0
442,R-Horse FC-723,22.89 ,3,3.5,2,Membrane,0
443,Motospeed K11 Green,26.23 ,3,0.0,0,Membrane,0
444,Motospeed K95 (Outemu Red),29.79 ,3,4.1,7,Outemu Red,0
445,Aula F2058 (Blue Switch),40.00 ,0,0.0,0,Custom Blue,0
446,Aula S2016 (Blue Switch) Silver,35.00 ,0,0.0,0,Custom Blue,0
447,QPAD MK40,59.90 ,0,0.0,0,Key Lights,0
448,Blow KP-105,11.90 ,0,0.0,0,Full Size,0
449,Zeroground K33,19.79 ,4,3.3,3,Membrane,0
450,CoolerMaster CK350 (Outemu Red),67.22 ,3,5.0,5,Outemu Red,0
451,Motospeed K95 (Outemu Black),29.79 ,3,4.1,7,Outemu Black,0
452,Esperanza Tirions Blue,6.02 ,5,3.0,1,Key Lights,0
453,Logitech G815 Lightsync RGB (GL Linear),213.30 ,0,5.0,1,GL Linear,0
454,QPAD MK95 Pro,199.00 ,0,0.0,0,Key Lights,0
455,MSI Vigor GK60,77.99 ,3,0.0,0,Cherry MX Red,0
456,Esperanza Vortex,26.67 ,3,0.0,0,Custom Mechanical,0
457,Corsair K70 RGB MK.2 SE White (Cherry MX Speed),225.00 ,0,3.0,1,Cherry MX Speed,0
458,Trust GXT 285 Advanced,39.80 ,0,5.0,1,Membrane,0
459,Tracer Ofis,5.26 ,2,0.0,0,Membrane,0
460,Defender SM-950,13.90 ,0,0.0,0,Full Size,0
461,Marvo KG914,35.50 ,0,0.0,0,Custom Blue,0
462,Havit KB473L,99.00 ,3,0.0,0,Custom Mechanical,0
463,Razer Huntsman Gears 5 Edition (Razer Clicky),119.00 ,0,0.0,0,Razer Clicky,0
464,Aula Moon Slasher,20.39 ,3,0.0,0,Key Lights,0
465,Krom Kuma,76.10 ,3,0.0,0,Key Lights,0
466,Esperanza Kestrel,12.99 ,9,0.0,0,Membrane,0
467,Motospeed CK88 (Outemu Red),79.47 ,0,4.0,1,Outemu Red,0
468,Das KeyBoard 4 Ultimate (Cherry MX Blue),165.00 ,3,5.0,1,Cherry MX Blue,0
469,Patriot Viper V765,90.57 ,3,0.0,0,Kailh Box Red,0
470,CoolerMaster MasterKeys Pro L RGB (Cherry MX Brown),159.80 ,1,4.4,5,Cherry MX Brown,0
471,Motospeed CK700 Pink (Zeus Optical),54.64 ,2,0.0,0,Zeus Optical,0
472,Omega Varr RGB VMK88B,39.90 ,0,0.0,0,Xinda Blue,0
473,Razer Blackwidow Chroma Tournament Edition v2 (Yellow Switches),139.00 ,0,0.0,0,Razer Yellow,0
474,iMice AN-300,14.00 ,3,0.0,0,Membrane,0
475,Roccat Vulcan 80,155.00 ,0,4.0,1,Titan Tactile,0
476,Blow V3,24.90 ,2,0.0,0,Membrane,0
477,Razer Huntsman Mercury,219.99 ,0,4.5,27,Razer Clicky,3
478,Sbox K-15 Blue,8.49 ,3,0.0,0,Membrane,2
479,Motospeed K96 White (Outemu Red),50.83 ,0,4.4,24,Outemu Red,2
480,Omega VARR Neon,64.90 ,2,0.0,0,Jixian Blue,0
481,Geeklin Mechanical Gaming Keyboard,78.86 ,2,0.0,0,Custom Mechanical,0
482,Logitech G512 (GX Brown),119.90 ,0,0.0,0,GX Brown,0
483,Xtrike Me CM-400,32.00 ,4,0.0,0,Membrane,0
484,HyperX Alloy Elite RGB (Cherry MX Blue),124.84 ,2,5.0,4,Cherry MX Blue,0
485,Yenkee Ambush Gaming Set,54.50 ,3,0.0,0,Membrane,0
486,Corsair K95 RGB Platinum XT,272.00 ,0,3.0,2,Cherry MX Speed,0
487,Sandberg RageStorm Mech,44.60 ,247,0.0,0,Outemu Blue,0
488,Riotoro Ghostwriter Elite (Cherry MX Brown),150.00 ,0,0.0,0,Cherry MX Brown,0
489,Logitech G512 (GX Red),119.90 ,2,0.0,0,GX Red,0
490,Das KeyBoard Wired Prime 13,142.85 ,2,0.0,0,Cherry MX Brown,0
491,CoolerMaster SK630,124.91 ,4,0.0,0,Cherry MX Red Low Profile,0
492,Gembird KBS-WMG-01,20.60 ,4,4.0,3,Membrane,0
493,Modecom Volcano Hammer RGB (Outemu Red),23.00 ,4,0.0,0,Outemu Red,0
494,Tracer Gamezone Lightray,10.52 ,4,0.0,0,Membrane,0
495,Remax XII-J566,47.40 ,9,0.0,0,Custom Mechanical,0
496,Genius Scorpion K220,20.00 ,0,0.0,0,Membrane,0
497,Motospeed K96 Black (MS Brown Switches),49.85 ,0,4.4,24,Key Lights,0
498,Gamdias Ares P1,28.99 ,4,0.0,0,Membrane,0
499,Tronsmart TK09R RGB,69.01 ,0,4.0,1,Outemu Blue,0
500,Natec Cobalt 300,55.00 ,0,0.0,0,Key Lights,0
501,Redragon S108,55.00 ,0,0.0,0,Key Lights,0
502,White Shark Gladiator,17.60 ,11,0.0,0,Membrane,0
503,Motospeed CK88 (Outemu Blue),58.70 ,5,4.0,1,Outemu Blue,0
504,Marvo K636,14.88 ,7,3.5,2,Membrane,0
505,SteelSeries Apex 7 TKL (Steelseries Blue),189.00 ,0,4.0,1,SteelSeries Blue,0
506,Gembird KBS-UMG-01,15.70 ,13,3.0,1,Membrane,0
507,CoolerMaster CK350 (Outemu Blue),64.44 ,0,5.0,5,Outemu Blue,0
508,Adata XPG Summoner (Cherry MX Red),92.06 ,0,5.0,1,Cherry MX Red,0
509,MSI Vigor GK30 Combo,67.89 ,0,0.0,0,Key Lights,0
510,Dell Alienware Advanced Gaming Keyboard AW568,65.00 ,2,4.0,2,Custom Brown,0
511,ADX ADXCOM19,39.99 ,0,0.0,0,Membrane,0
512,Logitech G513 (GX Brown),181.00 ,0,0.0,0,GX Brown,0
513,Adata XPG Summoner (Cherry MX Blue),93.69 ,0,5.0,1,Cherry MX Blue,0
514,Weibo Dark Hero WB-100,13.99 ,2,3.5,2,Membrane,0
515,Gamdias Poseidon E1,27.90 ,4,0.0,0,Membrane,0
516,Esperanza Tirions Red,5.95 ,3,3.0,1,Key Lights,0
517,Thermaltake Level 20 RGB (Cherry MX Blue),124.25 ,1,0.0,0,Cherry MX Blue,0
518,Armaggeddon MKA-9C Psychraptor (Kailh Brown),82.00 ,0,0.0,0,Kailh Brown,0
519,FanTech K10,10.70 ,3,3.8,8,Membrane,0
520,Gigabyte Force K81,49.90 ,0,0.0,0,Kailh Red,0
521,Redragon K565R Rudra,43.00 ,0,0.0,0,Outemu Blue,0
522,Motospeed CK94,59.26 ,9,3.0,1,Kailh Short,0
523,A4Tech B760,47.50 ,3,0.0,0,LK Libra Orange,0
524,Corsair K95 RGB Platinum Gunmetal (Cherry MX Brown),269.00 ,0,4.6,18,Cherry MX Speed,2
525,Motospeed K96 White (Outemu Blue),39.90 ,0,4.4,24,Outemu Blue,2
526,Motospeed CK89 Pink (Kaili Box White),70.24 ,2,5.0,2,Kailh Box White,2
527,Xtrike Me KB-705 White,17.90 ,0,0.0,0,Membrane,2
528,Das KeyBoard 4 Ultimate,153.39 ,3,0.0,0,Cherry MX Brown,0
529,Esperanza Seaker Black/Green,7.50 ,2,4.0,1,Membrane,0
530,Rebeltec BigFONT,18.99 ,0,0.0,0,Membrane,0
531,Dragon War Desert Eagle,19.90 ,0,0.0,0,Membrane,0
532,Omega Varr Fighter 2,44.75 ,0,0.0,0,Xinda Blue,0
533,Xtrike Me KB-302,9.99 ,2,0.0,0,Membrane,0
534,Mobilis Keywin Ak47,26.90 ,2,0.0,0,Custom Mechanical,0
535,Wesdar MK4,13.90 ,2,0.0,0,Membrane,0
536,Redragon Rahu,69.00 ,0,0.0,0,Outemu Blue,0
537,Sades BNDL-0004,183.47 ,3,0.0,0,Custom Blue,0
538,Sandberg FireStorm Mech,70.70 ,2,0.0,0,Outemu Blue,0
539,Dragon War GKM-001,52.09 ,8,0.0,0,Membrane,0
540,Thermaltake Level 20 RGB (Cherry MX Speed),126.79 ,2,0.0,0,Cherry MX Speed,0
541,Genius K20,31.10 ,10,0.0,0,Membrane,0
542,FanTech MVP-861 Commander,68.20 ,0,0.0,0,Outemu Blue,0
543,Sandberg Gaming Starter Kit Nordic,49.90 ,24,0.0,0,Membrane,0
544,Sandberg IronStorm 640-15,36.00 ,2,0.0,0,Membrane,0
545,Logitech G915 Lightspeed (GL Tactile),241.28 ,2,5.0,5,GL Tactile,0
546,Asus TUF Gaming K7,129.00 ,0,0.0,0,TUF Linear,0
547,AS-808 E-SPORTS,50.00 ,2,0.0,0,Outemu Red,0
548,A4Tech B180 RGB,31.50 ,2,0.0,0,Membrane,0
549,Aerocool TK15,12.34 ,2,0.0,0,Membrane,0
550,Thermaltake Meka Pro Lite,85.90 ,1,0.0,0,Cherry MX Blue,0
551,Tracer Gamezone Hellway X,23.50 ,2,0.0,0,Membrane,0
552,Thermaltake Neptune PRO,70.92 ,2,0.0,0,TTC Brown,0
553,Genesis Thor 300 (Outemu Red),31.89 ,2,3.3,22,Outemu Red,0
554,Lenovo Legion K200,31.91 ,4,0.0,0,Membrane,0
555,Das KeyBoard 4 Professional for Mac (Cherry MX Blue),149.68 ,2,0.0,0,Cherry MX Blue,0
556,Asus ROG Strix Scope,182.29 ,0,0.0,0,Key Lights,0
557,Marvo Combo KM400 & G1,28.52 ,5,3.5,2,Membrane,0
558,Sandberg Gaming Starter Kit,72.99 ,0,0.0,0,Membrane,0
559,Esperanza Shelter,21.90 ,0,4.0,1,Membrane,0
560,Nedis GKBD200BKUS,33.90 ,0,0.0,0,Membrane,0
561,Keep Out F115,89.90 ,3,0.0,0,Membrane,0
562,Xtrike Me GK-901,33.00 ,0,0.0,0,Membrane,0
563,Fury Hurricane Tkl Rainbow,11.87 ,3,0.0,0,Key Lights,0
564,Yenkee Hornet,39.90 ,3,0.0,0,Membrane,0
565,Roccat Ryos TKL Pro,159.20 ,0,5.0,1,Cherry MX Brown,0
566,Gamdias Hermes E2,39.00 ,0,0.0,0,Gamdias,0
567,Nacon CL-700OM,64.90 ,3,0.0,0,Kailh Blue,0
568,Gamdias Ares M1,24.90 ,2,0.0,0,Membrane,0
569,Tracer Battle Heroes Shinook X,14.85 ,0,0.0,0,Membrane,0
570,Redragon Kama K578,48.99 ,0,0.0,0,Custom Brown,0
571,Thermaltake Challenger Combo,38.80 ,2,0.0,0,Key Lights,0
572,Redragon Mitra K551,55.00 ,0,0.0,0,Custom Mechanical,0
573,Redragon Manyu K579RGB,56.00 ,0,0.0,0,Custom Blue,0
574,Natec RX85,69.99 ,0,0.0,0,Kailh Brown,0
575,Tacens MKHA0 Black,6.20 ,0,0.0,0,Full Size,0
576,Redragon Partryusa K570,56.33 ,0,0.0,0,Custom Blue,0
577,Patriot Viper V765 (Kailh Box White),116.51 ,0,0.0,0,Kailh Box White,0
578,Genesis Thor 300 (Outemu Blue),47.00 ,1,2.5,2,Outemu Blue,0
579,Spirit of Gamer Spirit Gamer PRO-K3,19.90 ,0,0.0,0,Membrane,0
580,Acer Nitro,45.00 ,0,0.0,0,Membrane,0
581,Genesis RHOD 600 RGB,40.80 ,1,4.0,1,Key Lights,0
582,Redragon K553-RGB,59.99 ,0,0.0,0,Custom Blue,0
583,A4Tech B130,23.50 ,3,0.0,0,Membrane,0
584,Thermaltake Challenger Edge Pro,57.80 ,0,0.0,0,Key Lights,0
585,Rebeltec Imperator,49.00 ,2,0.0,0,Outemu Blue,0
586,Rebeltec Discovery,14.49 ,8,3.0,2,Membrane,0
587,Weibo WB-710,27.80 ,0,0.0,0,Membrane,0
588,Mobilis KW18,20.00 ,0,0.0,0,Membrane,0
589,Hori Tactical Assault Commander Pro,179.95 ,0,3.8,5,Custom Mechanical,0
590,Armaggeddon MKA-7C Psychfalcon,64.50 ,3,3.8,4,Outemu Blue,0
591,Motospeed K95 (Outemu Brown),29.79 ,2,4.1,7,Outemu Brown,0
592,Genesis R33,19.90 ,0,4.0,7,Membrane,0
593,Rebeltec Defender,17.79 ,9,0.0,0,Membrane,0
594,Xtrike Me MK-501KIT,17.50 ,0,0.0,0,Membrane,0
595,FanTech Fighter K611L,23.80 ,0,0.0,0,Key Lights,0
596,Rebeltec Liberator,37.40 ,3,2.5,2,Outemu Blue,0
597,Das KeyBoard X50Q,138.78 ,0,0.0,0,Gamma Zulu,0
598,Acer Predator Aethon 500,169.00 ,0,0.0,0,Custom Blue,0
599,Cougar Attack X3 RGB,113.00 ,1,0.0,0,Custom Mechanical,0
600,NGS GKX-300,21.90 ,4,0.0,0,Key Lights,0
601,Tracer Oxin,16.80 ,6,0.0,0,Membrane,0
602,Redragon Combo Vajra & Centrophorus,27.50 ,3,3.7,3,Membrane,0
603,Sharkoon Skiller Pro,34.80 ,2,3.8,21,Membrane,0
604,Gembird KB-UMGL-01,15.50 ,4,3.8,5,Membrane,0
605,Sharkoon PureWriter TKL RGB (Kailh Red),69.99 ,2,5.0,1,Kailh Red,0
606,Gembird GGS-UMG4-01,40.00 ,0,3.5,11,Membrane,0
607,Corsair K68,169.90 ,0,0.0,0,Cherry MX Red,0
608,Rebeltec Warrior,7.00 ,9,3.0,1,Membrane,0
609,FanTech Zexter K610,24.80 ,0,0.0,0,Key Lights,0
610,Genius Scorpion K10,31.72 ,3,5.0,1,Membrane,0
611,Roccat Horde,89.80 ,1,0.0,0,Key Lights,0
612,Roccat Horde Aimo Black,96.80 ,0,0.0,0,Membrane,0
613,Aula Adjudication Expert,9.99 ,2,4.0,1,Membrane,0
614,Aula Mechanical Demon King,68.08 ,2,0.0,0,KRGD,0
615,Roccat Isku+ Illuminated,38.00 ,7,2.3,3,Membrane,0
616,FanTech Outlaw K12,23.50 ,24,3.7,3,Key Lights,0
617,Zornwee ZE-9800,8.99 ,2,0.0,0,Keyboard and Mouse Set,0
618,HAMA uRage Exodus Macro,22.90 ,4,0.0,0,Key Lights,0
619,Genesis Rhod 400,22.45 ,3,3.0,1,Membrane,0
620,Ravcore Blade,54.90 ,3,0.0,0,Membrane,0
621,HAMA Urage Exodus 2,23.90 ,4,0.0,0,Full Size,0
622,Rebeltec Legend,17.00 ,7,3.0,1,Membrane,0
623,SteelSeries APEX 300,86.70 ,2,5.0,1,Membrane,2
624,Asus Cerberus Mech RGB,129.00 ,2,0.0,0,Custom Mechanical,0
625,Trust Ziva,21.90 ,0,0.0,0,Full Size,0
626,Riotoro Ghostwriter Prism,115.00 ,0,0.0,0,Custom Mechanical,0
627,Riotoro Ghostwriter Classic,60.00 ,0,0.0,0,Membrane,0
628,Redragon Hara,60.00 ,0,0.0,0,Custom Blue,0
629,Spirit of Gamer Xpert K100,38.80 ,2,3.0,2,Membrane,0
630,Powertech PT-183,13.50 ,4,4.0,1,Membrane,0
631,Roccat Ryos MK Pro,189.60 ,0,4.0,5,Cherry MX Brown,0
632,Gigabyte Force K85,92.65 ,0,3.5,2,Custom Red,0
633,Zornwee V6,26.99 ,8,0.0,0,Membrane,0
634,Weibo WB-538,23.88 ,2,0.0,0,Membrane,0
635,Iogear Kaliber Hver,59.00 ,0,0.0,0,Membrane,0
636,FanTech K710,48.00 ,0,3.0,2,Membrane,0
637,Fury Hellfire illuminated,17.40 ,0,3.0,5,Key Lights,0
638,Media-Tech Cobra Pro Inferno,55.00 ,26,0.0,0,Cyan AX,0
639,Thermaltake ESPORTS Challenger Edge RGB,57.50 ,0,0.0,0,Key Lights,0
640,Tracer Hellway,27.90 ,0,0.0,0,Membrane,0
641,Ravcore Valravn,36.00 ,0,0.0,0,Membrane,0
642,Zornwee X6 Soldier,8.40 ,2,0.0,0,Membrane,0
643,Roccat Skeltr,106.56 ,4,0.0,0,Membrane,0
644,SpeedLink Ferus,15.90 ,3,3.0,1,Membrane,0
645,Keep Out F89PTE,27.60 ,2,0.0,0,Membrane,0
646,Trust GXT 830,25.40 ,0,3.3,6,Membrane,0
647,Redragon Indrah Black,99.00 ,0,0.0,0,Custom Blue,0
648,Redragon K506,28.80 ,2,0.0,0,Membrane,0
649,Sandberg Thunderstorm 640-02,49.90 ,3,0.0,0,Membrane,0
650,Armaggeddon MKA-9C Psychraptor (Kaily Red),82.00 ,0,0.0,0,Kailh Red,0
651,Media-Tech Cobra Pro MT1251,13.40 ,0,0.0,0,Membrane,0
652,Weibo FC-719,9.49 ,0,0.0,0,Membrane,0
653,Aula Be Fire,23.50 ,0,4.0,2,Membrane,0
654,Xtrike Me KB-301,7.99 ,9,1.0,1,Membrane,0
655,Zalman ZM-K600S,30.50 ,1,0.0,0,Membrane,0
656,Zalman ZM-K700M,113.90 ,1,0.0,0,Cherry MX Red,0
657,FanTech KR-6300,20.00 ,0,2.5,6,Membrane,0
658,E-More HK3800,14.83 ,2,3.3,8,Membrane,0
659,Ravcore Hybrid,34.50 ,4,2.3,3,Membrane,0
660,Azio MGK1,99.00 ,0,0.0,0,Kailh Blue,0
661,Roccat Vulcan 122 AIMO White,187.90 ,4,1.5,2,Titan Tactile,0
662,Genesis RX11,19.99 ,0,3.0,4,Membrane,0
663,Turtle Beach Impact 100,65.50 ,0,0.0,0,Membrane,0
664,Magic m100,35.80 ,0,0.0,0,Membrane,0
665,Keep Out F80,48.80 ,0,0.0,0,Membrane,0
666,Approx Bolt,16.00 ,2,0.0,0,Membrane,0
667,Keep Out F89CH,30.90 ,4,0.0,0,Membrane,0
668,Tracer Enduro,18.00 ,0,0.0,0,Full Size,0
669,Perixx PX-1200,73.34 ,8,0.0,0,Membrane,0
670,SteelSeries Apex Raw,82.00 ,2,5.0,1,Membrane,2
671,Roccat Isku FX,66.82 ,3,4.3,3,Membrane,2
672,Armaggeddon AK-700,35.00 ,0,0.0,0,Membrane,0
673,ZYG-900,15.70 ,5,1.0,1,Membrane,0
674,Sharkoon Shark Zone MK80,83.01 ,2,0.0,0,Kailh Red,0
675,Sumvision Kane PRO LED,37.21 ,8,0.0,0,Membrane,0
676,Trust GXT 280,15.90 ,6,3.3,10,Membrane,0
677,Approx Blizzard,26.60 ,0,0.0,0,Membrane,0
678,Keep Out F89PRO,47.70 ,0,0.0,0,Membrane,0
679,Mars Gaming MK1,5.46 ,0,0.0,0,Membrane,0
680,Approx Appblizzard,22.51 ,0,3.0,2,Membrane,0
681,Roccat Isku,149.00 ,0,4.3,3,Membrane,0
682,Aula Gaming Combo Set,50.37 ,8,0.0,0,Membrane,0
683,SpeedLink Parthica Core,42.40 ,5,0.0,0,Membrane,0
684,Sumvision Nemesis Stryder,32.74 ,8,0.0,0,Membrane,0
685,Keep Out F90,38.90 ,0,0.0,0,Membrane,0
686,Perixx PX-1100,87.42 ,8,0.0,0,Membrane,0
687,Media-Tech Cobra Pro Multimedia,16.99 ,10,1.0,1,Membrane,0
688,SpeedLink Rapax,27.50 ,3,0.0,0,Membrane,0
689,Omega Varr VK-1,15.00 ,0,3.0,4,Membrane,0
690,A4Tech Bloody & Sades Gaming set,156.07 ,0,1.0,2,LK Libra Brown,0
691,Esperanza TK105,6.80 ,9,1.0,1,Membrane,0
692,Keep Out F90E Gaming USB,39.90 ,5,2.3,6,Membrane,0
693,Gigabyte K8100,75.00 ,0,0.0,0,Membrane,0
694,Approx Quasar,29.00 ,0,1.0,1,Membrane,0
695,A4Tech X7 G100,17.00 ,0,0.0,0,Keypad,0
